{
	"info": {
		"_postman_id": "50d3b23d-2bf0-4c05-99f3-ac5fcc5fc8fd",
		"name": "PROJECT2-SOAP APIs",
		"schema": "https://schema.getpostman.com/json/collection/v2.1.0/collection.json",
		"_exporter_id": "27583274",
		"_collection_link": "https://www.postman.com/prasara/workspace/comcasttraining/collection/27583274-50d3b23d-2bf0-4c05-99f3-ac5fcc5fc8fd?action=share&source=collection_link&creator=27583274"
	},
	"item": [
		{
			"name": "POSITIVE TC",
			"item": [
				{
					"name": "ADD",
					"event": [
						{
							"listen": "test",
							"script": {
								"exec": [
									"pm.test(\"Verify if response code = 200 OK\", function () {\r",
									"    pm.response.to.have.status(200);\r",
									"    pm.response.to.have.status(\"OK\");\r",
									"});\r",
									"\r",
									"\r",
									"pm.test(\"Verify if response time < 2 seconds\", function () {\r",
									"    pm.expect(pm.response.responseTime).to.be.below(2000);\r",
									"});\r",
									"\r",
									"\r",
									"pm.test(\"Verify if response body is received\", function () {\r",
									"    pm.response.to.have.body();\r",
									"});\r",
									"\r",
									"\r",
									"pm.test(\"Verify if response body is in XML format\", function () {\r",
									"    pm.response.to.have.header(\"Content-Type\", \"text/xml; charset=utf-8\");\r",
									"});\r",
									"\r",
									"\r",
									"pm.test(\"Verify if response body contains mandatory fields\", function () {\r",
									"    pm.expect(pm.response.text()).to.include(\"AddResponse\");\r",
									"    pm.expect(pm.response.text()).to.include(\"AddResult\");\r",
									"});\r",
									"\r",
									"\r",
									"\r",
									""
								],
								"type": "text/javascript",
								"packages": {}
							}
						}
					],
					"protocolProfileBehavior": {
						"disabledSystemHeaders": {
							"user-agent": true
						}
					},
					"request": {
						"auth": {
							"type": "bearer",
							"bearer": [
								{
									"key": "token",
									"value": "7aae2b24aec11ae439f6e9f60bff79e4127f15d644294402770de5ce3be7a474",
									"type": "string"
								}
							]
						},
						"method": "POST",
						"header": [
							{
								"key": "Content-Type",
								"value": " text/xml; charset=utf-8",
								"type": "text"
							},
							{
								"key": "SOAPAction",
								"value": " \"http://tempuri.org/Add\"",
								"type": "text"
							},
							{
								"key": "User-Agent",
								"value": "{{$randomUserAgent}}",
								"type": "text"
							}
						],
						"body": {
							"mode": "raw",
							"raw": "<?xml version=\"1.0\" encoding=\"utf-8\"?>\r\n<soap:Envelope xmlns:xsi=\"http://www.w3.org/2001/XMLSchema-instance\" xmlns:xsd=\"http://www.w3.org/2001/XMLSchema\" xmlns:soap=\"http://schemas.xmlsoap.org/soap/envelope/\">\r\n  <soap:Body>\r\n    <Add xmlns=\"http://tempuri.org/\">\r\n      <intA>{{$randomInt}}</intA>\r\n      <intB>{{$randomInt}}</intB>\r\n    </Add>\r\n  </soap:Body>\r\n</soap:Envelope>",
							"options": {
								"raw": {
									"language": "xml"
								}
							}
						},
						"url": {
							"raw": "http://www.dneonline.com/calculator.asmx",
							"protocol": "http",
							"host": [
								"www",
								"dneonline",
								"com"
							],
							"path": [
								"calculator.asmx"
							]
						}
					},
					"response": []
				},
				{
					"name": "SUBTRACT",
					"event": [
						{
							"listen": "test",
							"script": {
								"exec": [
									"pm.test(\"Verify if response code = 200 OK\", function () {\r",
									"    pm.response.to.have.status(200);\r",
									"    pm.response.to.have.status(\"OK\");\r",
									"});\r",
									"\r",
									"\r",
									"pm.test(\"Verify if response time < 2 seconds\", function () {\r",
									"    pm.expect(pm.response.responseTime).to.be.below(2000);\r",
									"});\r",
									"\r",
									"\r",
									"pm.test(\"Verify if response body is received\", function () {\r",
									"    pm.response.to.have.body();\r",
									"});\r",
									"\r",
									"\r",
									"pm.test(\"Verify if response body is in XML format\", function () {\r",
									"    pm.response.to.have.header(\"Content-Type\", \"text/xml; charset=utf-8\");\r",
									"});\r",
									"\r",
									"\r",
									"pm.test(\"Verify if response body contains mandatory fields\", function () {\r",
									"    pm.expect(pm.response.text()).to.include(\"AddResponse\");\r",
									"    pm.expect(pm.response.text()).to.include(\"AddResult\");\r",
									"});\r",
									"\r",
									"\r",
									""
								],
								"type": "text/javascript",
								"packages": {}
							}
						}
					],
					"protocolProfileBehavior": {
						"disabledSystemHeaders": {
							"user-agent": true
						}
					},
					"request": {
						"auth": {
							"type": "bearer",
							"bearer": [
								{
									"key": "token",
									"value": "7aae2b24aec11ae439f6e9f60bff79e4127f15d644294402770de5ce3be7a474",
									"type": "string"
								}
							]
						},
						"method": "POST",
						"header": [
							{
								"key": "Content-Type",
								"value": " text/xml; charset=utf-8",
								"type": "text"
							},
							{
								"key": "SOAPAction",
								"value": " \"http://tempuri.org/Subtract\"",
								"type": "text"
							},
							{
								"key": "User-Agent",
								"value": "{{$randomUserAgent}}",
								"type": "text"
							}
						],
						"body": {
							"mode": "raw",
							"raw": "<?xml version=\"1.0\" encoding=\"utf-8\"?>\r\n<soap:Envelope xmlns:xsi=\"http://www.w3.org/2001/XMLSchema-instance\" xmlns:xsd=\"http://www.w3.org/2001/XMLSchema\" xmlns:soap=\"http://schemas.xmlsoap.org/soap/envelope/\">\r\n  <soap:Body>\r\n    <Subtract xmlns=\"http://tempuri.org/\">\r\n      <intA>{{$randomInt}}</intA>\r\n      <intB>{{$randomInt}}</intB>\r\n    </Subtract>\r\n  </soap:Body>\r\n</soap:Envelope>",
							"options": {
								"raw": {
									"language": "xml"
								}
							}
						},
						"url": {
							"raw": "http://www.dneonline.com/calculator.asmx",
							"protocol": "http",
							"host": [
								"www",
								"dneonline",
								"com"
							],
							"path": [
								"calculator.asmx"
							]
						}
					},
					"response": []
				},
				{
					"name": "MULTIPLY",
					"event": [
						{
							"listen": "test",
							"script": {
								"exec": [
									"pm.test(\"Verify if response code = 200 OK\", function () {\r",
									"    pm.response.to.have.status(200);\r",
									"    pm.response.to.have.status(\"OK\");\r",
									"});\r",
									"\r",
									"\r",
									"pm.test(\"Verify if response time < 2 seconds\", function () {\r",
									"    pm.expect(pm.response.responseTime).to.be.below(2000);\r",
									"});\r",
									"\r",
									"\r",
									"pm.test(\"Verify if response body is received\", function () {\r",
									"    pm.response.to.have.body();\r",
									"});\r",
									"\r",
									"\r",
									"pm.test(\"Verify if response body is in XML format\", function () {\r",
									"    pm.response.to.have.header(\"Content-Type\", \"text/xml; charset=utf-8\");\r",
									"});\r",
									"\r",
									"\r",
									"pm.test(\"Verify if response body contains mandatory fields\", function () {\r",
									"    pm.expect(pm.response.text()).to.include(\"AddResponse\");\r",
									"    pm.expect(pm.response.text()).to.include(\"AddResult\");\r",
									"});\r",
									"\r",
									"\r",
									""
								],
								"type": "text/javascript",
								"packages": {}
							}
						}
					],
					"protocolProfileBehavior": {
						"disabledSystemHeaders": {
							"user-agent": true
						}
					},
					"request": {
						"method": "POST",
						"header": [
							{
								"key": "User-Agent",
								"value": "{{$randomUserAgent}}",
								"type": "text"
							},
							{
								"key": "Content-Type",
								"value": " text/xml; charset=utf-8",
								"type": "text"
							},
							{
								"key": "SOAPAction",
								"value": " \"http://tempuri.org/Multiply\"",
								"type": "text"
							}
						],
						"body": {
							"mode": "raw",
							"raw": "<?xml version=\"1.0\" encoding=\"utf-8\"?>\r\n<soap:Envelope xmlns:xsi=\"http://www.w3.org/2001/XMLSchema-instance\" xmlns:xsd=\"http://www.w3.org/2001/XMLSchema\" xmlns:soap=\"http://schemas.xmlsoap.org/soap/envelope/\">\r\n  <soap:Body>\r\n    <Multiply xmlns=\"http://tempuri.org/\">\r\n      <intA>{{$randomInt}}</intA>\r\n      <intB>{{$randomInt}}</intB>\r\n    </Multiply>\r\n  </soap:Body>\r\n</soap:Envelope>",
							"options": {
								"raw": {
									"language": "xml"
								}
							}
						},
						"url": {
							"raw": "http://www.dneonline.com/calculator.asmx",
							"protocol": "http",
							"host": [
								"www",
								"dneonline",
								"com"
							],
							"path": [
								"calculator.asmx"
							]
						}
					},
					"response": []
				},
				{
					"name": "DIVIDE",
					"event": [
						{
							"listen": "test",
							"script": {
								"exec": [
									"pm.test(\"Verify if response code = 200 OK\", function () {\r",
									"    pm.response.to.have.status(200);\r",
									"    pm.response.to.have.status(\"OK\");\r",
									"});\r",
									"\r",
									"\r",
									"pm.test(\"Verify if response time < 2 seconds\", function () {\r",
									"    pm.expect(pm.response.responseTime).to.be.below(2000);\r",
									"});\r",
									"\r",
									"\r",
									"pm.test(\"Verify if response body is received\", function () {\r",
									"    pm.response.to.have.body();\r",
									"});\r",
									"\r",
									"\r",
									"pm.test(\"Verify if response body is in XML format\", function () {\r",
									"    pm.response.to.have.header(\"Content-Type\", \"text/xml; charset=utf-8\");\r",
									"});\r",
									"\r",
									"\r",
									"pm.test(\"Verify if response body contains mandatory fields\", function () {\r",
									"    pm.expect(pm.response.text()).to.include(\"AddResponse\");\r",
									"    pm.expect(pm.response.text()).to.include(\"AddResult\");\r",
									"});\r",
									"\r",
									"\r",
									"\r",
									""
								],
								"type": "text/javascript",
								"packages": {}
							}
						}
					],
					"protocolProfileBehavior": {
						"disabledSystemHeaders": {
							"user-agent": true
						}
					},
					"request": {
						"method": "POST",
						"header": [
							{
								"key": "Content-Type",
								"value": " text/xml; charset=utf-8",
								"type": "text"
							},
							{
								"key": "SOAPAction",
								"value": " \"http://tempuri.org/Divide\"",
								"type": "text"
							},
							{
								"key": "User-Agent",
								"value": "{{$randomUserAgent}}",
								"type": "text"
							}
						],
						"body": {
							"mode": "raw",
							"raw": "<?xml version=\"1.0\" encoding=\"utf-8\"?>\r\n<soap:Envelope xmlns:xsi=\"http://www.w3.org/2001/XMLSchema-instance\" xmlns:xsd=\"http://www.w3.org/2001/XMLSchema\" xmlns:soap=\"http://schemas.xmlsoap.org/soap/envelope/\">\r\n  <soap:Body>\r\n    <Divide xmlns=\"http://tempuri.org/\">\r\n      <intA>{{$randomInt}}</intA>\r\n      <intB>{{$randomInt}}</intB>\r\n    </Divide>\r\n  </soap:Body>\r\n</soap:Envelope>",
							"options": {
								"raw": {
									"language": "xml"
								}
							}
						},
						"url": {
							"raw": "http://www.dneonline.com/calculator.asmx",
							"protocol": "http",
							"host": [
								"www",
								"dneonline",
								"com"
							],
							"path": [
								"calculator.asmx"
							]
						}
					},
					"response": []
				},
				{
					"name": "ADD",
					"event": [
						{
							"listen": "test",
							"script": {
								"exec": [
									"pm.test(\"Verify if response code = 200 OK\", function () {\r",
									"    pm.response.to.have.status(200);\r",
									"    pm.response.to.have.status(\"OK\");\r",
									"});\r",
									"\r",
									"\r",
									"pm.test(\"Verify if response time < 2 seconds\", function () {\r",
									"    pm.expect(pm.response.responseTime).to.be.below(2000);\r",
									"});\r",
									"\r",
									"\r",
									"pm.test(\"Verify if response body is received\", function () {\r",
									"    pm.response.to.have.body();\r",
									"});\r",
									"\r",
									"\r",
									"pm.test(\"Verify if response body is in XML format\", function () {\r",
									"    pm.response.to.have.header(\"Content-Type\", \"text/xml; charset=utf-8\");\r",
									"});\r",
									"\r",
									"\r",
									"pm.test(\"Verify if response body contains mandatory fields\", function () {\r",
									"    pm.expect(pm.response.text()).to.include(\"AddResponse\");\r",
									"    pm.expect(pm.response.text()).to.include(\"AddResult\");\r",
									"});\r",
									"\r",
									"\r",
									"pm.test(\"Verify if response headers do not reveal sensitive/confidential project data\", function () {\r",
									"    pm.response.to.not.have.header(\"Server\");\r",
									"    pm.response.to.not.have.header(\"X-Powered-By\");\r",
									"    pm.response.to.not.have.header(\"X-AspNet-Version\");\r",
									"    pm.response.to.not.have.header(\"X-Powered-By-Plesk\");\r",
									"});\r",
									""
								],
								"type": "text/javascript",
								"packages": {}
							}
						}
					],
					"protocolProfileBehavior": {
						"disabledSystemHeaders": {
							"user-agent": true
						}
					},
					"request": {
						"auth": {
							"type": "bearer",
							"bearer": [
								{
									"key": "token",
									"value": "7aae2b24aec11ae439f6e9f60bff79e4127f15d644294402770de5ce3be7a474",
									"type": "string"
								}
							]
						},
						"method": "POST",
						"header": [
							{
								"key": "Content-Type",
								"value": " text/xml; charset=utf-8"
							},
							{
								"key": "SOAPAction",
								"value": " \"http://tempuri.org/Add\""
							},
							{
								"key": "User-Agent",
								"value": "{{$randomUserAgent}}"
							}
						],
						"body": {
							"mode": "raw",
							"raw": "<?xml version=\"1.0\" encoding=\"utf-8\"?>\r\n<soap:Envelope xmlns:xsi=\"http://www.w3.org/2001/XMLSchema-instance\" xmlns:xsd=\"http://www.w3.org/2001/XMLSchema\" xmlns:soap=\"http://schemas.xmlsoap.org/soap/envelope/\">\r\n  <soap:Body>\r\n    <Add xmlns=\"http://tempuri.org/\">\r\n      <intA>{{$randomInt}}</intA>\r\n      <intB>{{$randomInt}}</intB>\r\n    </Add>\r\n  </soap:Body>\r\n</soap:Envelope>",
							"options": {
								"raw": {
									"language": "xml"
								}
							}
						},
						"url": {
							"raw": "http://www.dneonline.com/calculator.asmx",
							"protocol": "http",
							"host": [
								"www",
								"dneonline",
								"com"
							],
							"path": [
								"calculator.asmx"
							]
						}
					},
					"response": []
				},
				{
					"name": "SUBTRACT",
					"event": [
						{
							"listen": "test",
							"script": {
								"exec": [
									"pm.test(\"Verify if response code = 200 OK\", function () {\r",
									"    pm.response.to.have.status(200);\r",
									"    pm.response.to.have.status(\"OK\");\r",
									"});\r",
									"\r",
									"\r",
									"pm.test(\"Verify if response time < 2 seconds\", function () {\r",
									"    pm.expect(pm.response.responseTime).to.be.below(2000);\r",
									"});\r",
									"\r",
									"\r",
									"pm.test(\"Verify if response body is received\", function () {\r",
									"    pm.response.to.have.body();\r",
									"});\r",
									"\r",
									"\r",
									"pm.test(\"Verify if response body is in XML format\", function () {\r",
									"    pm.response.to.have.header(\"Content-Type\", \"text/xml; charset=utf-8\");\r",
									"});\r",
									"\r",
									"\r",
									"pm.test(\"Verify if response body contains mandatory fields\", function () {\r",
									"    pm.expect(pm.response.text()).to.include(\"AddResponse\");\r",
									"    pm.expect(pm.response.text()).to.include(\"AddResult\");\r",
									"});\r",
									"\r",
									"\r",
									"pm.test(\"Verify if response headers do not reveal sensitive/confidential project data\", function () {\r",
									"    pm.response.to.not.have.header(\"Server\");\r",
									"    pm.response.to.not.have.header(\"X-Powered-By\");\r",
									"    pm.response.to.not.have.header(\"X-AspNet-Version\");\r",
									"    pm.response.to.not.have.header(\"X-Powered-By-Plesk\");\r",
									"});\r",
									""
								],
								"type": "text/javascript",
								"packages": {}
							}
						}
					],
					"protocolProfileBehavior": {
						"disabledSystemHeaders": {
							"user-agent": true
						}
					},
					"request": {
						"auth": {
							"type": "bearer",
							"bearer": [
								{
									"key": "token",
									"value": "7aae2b24aec11ae439f6e9f60bff79e4127f15d644294402770de5ce3be7a474",
									"type": "string"
								}
							]
						},
						"method": "POST",
						"header": [
							{
								"key": "Content-Type",
								"value": " text/xml; charset=utf-8"
							},
							{
								"key": "SOAPAction",
								"value": " \"http://tempuri.org/Subtract\""
							},
							{
								"key": "User-Agent",
								"value": "{{$randomUserAgent}}"
							}
						],
						"body": {
							"mode": "raw",
							"raw": "<?xml version=\"1.0\" encoding=\"utf-8\"?>\r\n<soap:Envelope xmlns:xsi=\"http://www.w3.org/2001/XMLSchema-instance\" xmlns:xsd=\"http://www.w3.org/2001/XMLSchema\" xmlns:soap=\"http://schemas.xmlsoap.org/soap/envelope/\">\r\n  <soap:Body>\r\n    <Subtract xmlns=\"http://tempuri.org/\">\r\n      <intA>{{$randomInt}}</intA>\r\n      <intB>{{$randomInt}}</intB>\r\n    </Subtract>\r\n  </soap:Body>\r\n</soap:Envelope>",
							"options": {
								"raw": {
									"language": "xml"
								}
							}
						},
						"url": {
							"raw": "http://www.dneonline.com/calculator.asmx",
							"protocol": "http",
							"host": [
								"www",
								"dneonline",
								"com"
							],
							"path": [
								"calculator.asmx"
							]
						}
					},
					"response": []
				},
				{
					"name": "DIVIDE",
					"event": [
						{
							"listen": "test",
							"script": {
								"exec": [
									"pm.test(\"Verify if response code = 200 OK\", function () {\r",
									"    pm.response.to.have.status(200);\r",
									"    pm.response.to.have.status(\"OK\");\r",
									"});\r",
									"\r",
									"\r",
									"pm.test(\"Verify if response time < 2 seconds\", function () {\r",
									"    pm.expect(pm.response.responseTime).to.be.below(2000);\r",
									"});\r",
									"\r",
									"\r",
									"pm.test(\"Verify if response body is received\", function () {\r",
									"    pm.response.to.have.body();\r",
									"});\r",
									"\r",
									"\r",
									"pm.test(\"Verify if response body is in XML format\", function () {\r",
									"    pm.response.to.have.header(\"Content-Type\", \"text/xml; charset=utf-8\");\r",
									"});\r",
									"\r",
									"\r",
									"pm.test(\"Verify if response body contains mandatory fields\", function () {\r",
									"    pm.expect(pm.response.text()).to.include(\"AddResponse\");\r",
									"    pm.expect(pm.response.text()).to.include(\"AddResult\");\r",
									"});\r",
									"\r",
									"\r",
									"pm.test(\"Verify if response headers do not reveal sensitive/confidential project data\", function () {\r",
									"    pm.response.to.not.have.header(\"Server\");\r",
									"    pm.response.to.not.have.header(\"X-Powered-By\");\r",
									"    pm.response.to.not.have.header(\"X-AspNet-Version\");\r",
									"    pm.response.to.not.have.header(\"X-Powered-By-Plesk\");\r",
									"});\r",
									""
								],
								"type": "text/javascript",
								"packages": {}
							}
						}
					],
					"protocolProfileBehavior": {
						"disabledSystemHeaders": {
							"user-agent": true
						}
					},
					"request": {
						"method": "POST",
						"header": [
							{
								"key": "Content-Type",
								"value": " text/xml; charset=utf-8"
							},
							{
								"key": "SOAPAction",
								"value": " \"http://tempuri.org/Divide\""
							},
							{
								"key": "User-Agent",
								"value": "{{$randomUserAgent}}"
							}
						],
						"body": {
							"mode": "raw",
							"raw": "<?xml version=\"1.0\" encoding=\"utf-8\"?>\r\n<soap:Envelope xmlns:xsi=\"http://www.w3.org/2001/XMLSchema-instance\" xmlns:xsd=\"http://www.w3.org/2001/XMLSchema\" xmlns:soap=\"http://schemas.xmlsoap.org/soap/envelope/\">\r\n  <soap:Body>\r\n    <Divide xmlns=\"http://tempuri.org/\">\r\n      <intA>{{$randomInt}}</intA>\r\n      <intB>{{$randomInt}}</intB>\r\n    </Divide>\r\n  </soap:Body>\r\n</soap:Envelope>",
							"options": {
								"raw": {
									"language": "xml"
								}
							}
						},
						"url": {
							"raw": "http://www.dneonline.com/calculator.asmx",
							"protocol": "http",
							"host": [
								"www",
								"dneonline",
								"com"
							],
							"path": [
								"calculator.asmx"
							]
						}
					},
					"response": []
				},
				{
					"name": "MULTIPLY",
					"event": [
						{
							"listen": "test",
							"script": {
								"exec": [
									"pm.test(\"Verify if response code = 200 OK\", function () {\r",
									"    pm.response.to.have.status(200);\r",
									"    pm.response.to.have.status(\"OK\");\r",
									"});\r",
									"\r",
									"\r",
									"pm.test(\"Verify if response time < 2 seconds\", function () {\r",
									"    pm.expect(pm.response.responseTime).to.be.below(2000);\r",
									"});\r",
									"\r",
									"\r",
									"pm.test(\"Verify if response body is received\", function () {\r",
									"    pm.response.to.have.body();\r",
									"});\r",
									"\r",
									"\r",
									"pm.test(\"Verify if response body is in XML format\", function () {\r",
									"    pm.response.to.have.header(\"Content-Type\", \"text/xml; charset=utf-8\");\r",
									"});\r",
									"\r",
									"\r",
									"pm.test(\"Verify if response body contains mandatory fields\", function () {\r",
									"    pm.expect(pm.response.text()).to.include(\"AddResponse\");\r",
									"    pm.expect(pm.response.text()).to.include(\"AddResult\");\r",
									"});\r",
									"\r",
									"\r",
									"pm.test(\"Verify if response headers do not reveal sensitive/confidential project data\", function () {\r",
									"    pm.response.to.not.have.header(\"Server\");\r",
									"    pm.response.to.not.have.header(\"X-Powered-By\");\r",
									"    pm.response.to.not.have.header(\"X-AspNet-Version\");\r",
									"    pm.response.to.not.have.header(\"X-Powered-By-Plesk\");\r",
									"});\r",
									""
								],
								"type": "text/javascript",
								"packages": {}
							}
						}
					],
					"protocolProfileBehavior": {
						"disabledSystemHeaders": {
							"user-agent": true
						}
					},
					"request": {
						"method": "POST",
						"header": [
							{
								"key": "User-Agent",
								"value": "{{$randomUserAgent}}"
							},
							{
								"key": "Content-Type",
								"value": " text/xml; charset=utf-8"
							},
							{
								"key": "SOAPAction",
								"value": " \"http://tempuri.org/Multiply\""
							}
						],
						"body": {
							"mode": "raw",
							"raw": "<?xml version=\"1.0\" encoding=\"utf-8\"?>\r\n<soap:Envelope xmlns:xsi=\"http://www.w3.org/2001/XMLSchema-instance\" xmlns:xsd=\"http://www.w3.org/2001/XMLSchema\" xmlns:soap=\"http://schemas.xmlsoap.org/soap/envelope/\">\r\n  <soap:Body>\r\n    <Multiply xmlns=\"http://tempuri.org/\">\r\n      <intA>{{$randomInt}}</intA>\r\n      <intB>{{$randomInt}}</intB>\r\n    </Multiply>\r\n  </soap:Body>\r\n</soap:Envelope>",
							"options": {
								"raw": {
									"language": "xml"
								}
							}
						},
						"url": {
							"raw": "http://www.dneonline.com/calculator.asmx",
							"protocol": "http",
							"host": [
								"www",
								"dneonline",
								"com"
							],
							"path": [
								"calculator.asmx"
							]
						}
					},
					"response": []
				}
			]
		},
		{
			"name": "NEGATIVE TESTING",
			"item": [
				{
					"name": "UNSUPPORTED HTTP METHOD",
					"item": [
						{
							"name": "ADD",
							"event": [
								{
									"listen": "test",
									"script": {
										"exec": [
											""
										],
										"type": "text/javascript",
										"packages": {}
									}
								}
							],
							"protocolProfileBehavior": {
								"disabledSystemHeaders": {
									"user-agent": true
								}
							},
							"request": {
								"auth": {
									"type": "bearer",
									"bearer": [
										{
											"key": "token",
											"value": "7aae2b24aec11ae439f6e9f60bff79e4127f15d644294402770de5ce3be7a474",
											"type": "string"
										}
									]
								},
								"method": "PUT",
								"header": [
									{
										"key": "Content-Type",
										"value": " text/xml; charset=utf-8"
									},
									{
										"key": "SOAPAction",
										"value": " \"http://tempuri.org/Add\""
									},
									{
										"key": "User-Agent",
										"value": "{{$randomUserAgent}}"
									}
								],
								"body": {
									"mode": "raw",
									"raw": "<?xml version=\"1.0\" encoding=\"utf-8\"?>\r\n<soap:Envelope xmlns:xsi=\"http://www.w3.org/2001/XMLSchema-instance\" xmlns:xsd=\"http://www.w3.org/2001/XMLSchema\" xmlns:soap=\"http://schemas.xmlsoap.org/soap/envelope/\">\r\n  <soap:Body>\r\n    <Add xmlns=\"http://tempuri.org/\">\r\n      <intA>{{$randomInt}}</intA>\r\n      <intB>{{$randomInt}}</intB>\r\n    </Add>\r\n  </soap:Body>\r\n</soap:Envelope>",
									"options": {
										"raw": {
											"language": "xml"
										}
									}
								},
								"url": {
									"raw": "http://www.dneonline.com/calculator.asmx",
									"protocol": "http",
									"host": [
										"www",
										"dneonline",
										"com"
									],
									"path": [
										"calculator.asmx"
									]
								}
							},
							"response": []
						},
						{
							"name": "SUBTRACT",
							"event": [
								{
									"listen": "test",
									"script": {
										"exec": [
											""
										],
										"type": "text/javascript",
										"packages": {}
									}
								}
							],
							"protocolProfileBehavior": {
								"disabledSystemHeaders": {
									"user-agent": true
								}
							},
							"request": {
								"auth": {
									"type": "bearer",
									"bearer": [
										{
											"key": "token",
											"value": "7aae2b24aec11ae439f6e9f60bff79e4127f15d644294402770de5ce3be7a474",
											"type": "string"
										}
									]
								},
								"method": "PATCH",
								"header": [
									{
										"key": "Content-Type",
										"value": " text/xml; charset=utf-8"
									},
									{
										"key": "SOAPAction",
										"value": " \"http://tempuri.org/Subtract\""
									},
									{
										"key": "User-Agent",
										"value": "{{$randomUserAgent}}"
									}
								],
								"body": {
									"mode": "raw",
									"raw": "<?xml version=\"1.0\" encoding=\"utf-8\"?>\r\n<soap:Envelope xmlns:xsi=\"http://www.w3.org/2001/XMLSchema-instance\" xmlns:xsd=\"http://www.w3.org/2001/XMLSchema\" xmlns:soap=\"http://schemas.xmlsoap.org/soap/envelope/\">\r\n  <soap:Body>\r\n    <Subtract xmlns=\"http://tempuri.org/\">\r\n      <intA>{{$randomInt}}</intA>\r\n      <intB>{{$randomInt}}</intB>\r\n    </Subtract>\r\n  </soap:Body>\r\n</soap:Envelope>",
									"options": {
										"raw": {
											"language": "xml"
										}
									}
								},
								"url": {
									"raw": "http://www.dneonline.com/calculator.asmx",
									"protocol": "http",
									"host": [
										"www",
										"dneonline",
										"com"
									],
									"path": [
										"calculator.asmx"
									]
								}
							},
							"response": []
						},
						{
							"name": "DIVIDE",
							"event": [
								{
									"listen": "test",
									"script": {
										"exec": [
											""
										],
										"type": "text/javascript",
										"packages": {}
									}
								}
							],
							"protocolProfileBehavior": {
								"disabledSystemHeaders": {
									"user-agent": true
								}
							},
							"request": {
								"method": "DELETE",
								"header": [
									{
										"key": "Content-Type",
										"value": " text/xml; charset=utf-8"
									},
									{
										"key": "SOAPAction",
										"value": " \"http://tempuri.org/Divide\""
									},
									{
										"key": "User-Agent",
										"value": "{{$randomUserAgent}}"
									}
								],
								"body": {
									"mode": "raw",
									"raw": "<?xml version=\"1.0\" encoding=\"utf-8\"?>\r\n<soap:Envelope xmlns:xsi=\"http://www.w3.org/2001/XMLSchema-instance\" xmlns:xsd=\"http://www.w3.org/2001/XMLSchema\" xmlns:soap=\"http://schemas.xmlsoap.org/soap/envelope/\">\r\n  <soap:Body>\r\n    <Divide xmlns=\"http://tempuri.org/\">\r\n      <intA>{{$randomInt}}</intA>\r\n      <intB>{{$randomInt}}</intB>\r\n    </Divide>\r\n  </soap:Body>\r\n</soap:Envelope>",
									"options": {
										"raw": {
											"language": "xml"
										}
									}
								},
								"url": {
									"raw": "http://www.dneonline.com/calculator.asmx",
									"protocol": "http",
									"host": [
										"www",
										"dneonline",
										"com"
									],
									"path": [
										"calculator.asmx"
									]
								}
							},
							"response": []
						},
						{
							"name": "MULTIPLY",
							"event": [
								{
									"listen": "test",
									"script": {
										"exec": [
											""
										],
										"type": "text/javascript",
										"packages": {}
									}
								}
							],
							"protocolProfileBehavior": {
								"disabledSystemHeaders": {
									"user-agent": true
								}
							},
							"request": {
								"method": "PUT",
								"header": [
									{
										"key": "User-Agent",
										"value": "{{$randomUserAgent}}"
									},
									{
										"key": "Content-Type",
										"value": " text/xml; charset=utf-8"
									},
									{
										"key": "SOAPAction",
										"value": " \"http://tempuri.org/Multiply\""
									}
								],
								"body": {
									"mode": "raw",
									"raw": "<?xml version=\"1.0\" encoding=\"utf-8\"?>\r\n<soap:Envelope xmlns:xsi=\"http://www.w3.org/2001/XMLSchema-instance\" xmlns:xsd=\"http://www.w3.org/2001/XMLSchema\" xmlns:soap=\"http://schemas.xmlsoap.org/soap/envelope/\">\r\n  <soap:Body>\r\n    <Multiply xmlns=\"http://tempuri.org/\">\r\n      <intA>{{$randomInt}}</intA>\r\n      <intB>{{$randomInt}}</intB>\r\n    </Multiply>\r\n  </soap:Body>\r\n</soap:Envelope>",
									"options": {
										"raw": {
											"language": "xml"
										}
									}
								},
								"url": {
									"raw": "http://www.dneonline.com/calculator.asmx",
									"protocol": "http",
									"host": [
										"www",
										"dneonline",
										"com"
									],
									"path": [
										"calculator.asmx"
									]
								}
							},
							"response": []
						}
					],
					"event": [
						{
							"listen": "prerequest",
							"script": {
								"type": "text/javascript",
								"packages": {},
								"exec": [
									""
								]
							}
						},
						{
							"listen": "test",
							"script": {
								"type": "text/javascript",
								"packages": {},
								"exec": [
									"pm.test(\"Verify if response code is 4xx or 5xx error\", function () {\r",
									"    pm.response.to.be.error;\r",
									"});"
								]
							}
						}
					]
				},
				{
					"name": "PAYLOAD TAMPERING",
					"item": [
						{
							"name": "ADD",
							"event": [
								{
									"listen": "test",
									"script": {
										"exec": [
											""
										],
										"type": "text/javascript",
										"packages": {}
									}
								}
							],
							"protocolProfileBehavior": {
								"disabledSystemHeaders": {
									"user-agent": true
								}
							},
							"request": {
								"auth": {
									"type": "bearer",
									"bearer": [
										{
											"key": "token",
											"value": "7aae2b24aec11ae439f6e9f60bff79e4127f15d644294402770de5ce3be7a474",
											"type": "string"
										}
									]
								},
								"method": "POST",
								"header": [
									{
										"key": "Content-Type",
										"value": " text/xml; charset=utf-8"
									},
									{
										"key": "SOAPAction",
										"value": " \"http://tempuri.org/Add\""
									},
									{
										"key": "User-Agent",
										"value": "{{$randomUserAgent}}"
									}
								],
								"body": {
									"mode": "raw",
									"raw": "<?xml version=\"1.0\" encoding=\"utf-8\"?>\r\n<soap:Envelope xmlns:xsi=\"http://www.w3.org/2001/XMLSchema-instance\" xmlns:xsd=\"http://www.w3.org/2001/XMLSchema\" xmlns:soap=\"http://schemas.xmlsoap.org/soap/envelope/\">\r\n  <soap:Body>\r\n    <Add xmlns=\"http://tempuri.org/\">\r\n      <intA></intA>\r\n      <intB>{{$randomInt}}</intB>\r\n    </Add>\r\n  </soap:Body>\r\n</soap:Envelope>",
									"options": {
										"raw": {
											"language": "xml"
										}
									}
								},
								"url": {
									"raw": "http://www.dneonline.com/calculator.asmx",
									"protocol": "http",
									"host": [
										"www",
										"dneonline",
										"com"
									],
									"path": [
										"calculator.asmx"
									]
								}
							},
							"response": []
						},
						{
							"name": "SUBTRACT",
							"event": [
								{
									"listen": "test",
									"script": {
										"exec": [
											""
										],
										"type": "text/javascript",
										"packages": {}
									}
								}
							],
							"protocolProfileBehavior": {
								"disabledSystemHeaders": {
									"user-agent": true
								}
							},
							"request": {
								"auth": {
									"type": "bearer",
									"bearer": [
										{
											"key": "token",
											"value": "7aae2b24aec11ae439f6e9f60bff79e4127f15d644294402770de5ce3be7a474",
											"type": "string"
										}
									]
								},
								"method": "POST",
								"header": [
									{
										"key": "Content-Type",
										"value": " text/xml; charset=utf-8"
									},
									{
										"key": "SOAPAction",
										"value": " \"http://tempuri.org/Subtract\""
									},
									{
										"key": "User-Agent",
										"value": "{{$randomUserAgent}}"
									}
								],
								"body": {
									"mode": "raw",
									"raw": "<?xml version=\"1.0\" encoding=\"utf-8\"?>\r\n<soap:Envelope xmlns:xsi=\"http://www.w3.org/2001/XMLSchema-instance\" xmlns:xsd=\"http://www.w3.org/2001/XMLSchema\" xmlns:soap=\"http://schemas.xmlsoap.org/soap/envelope/\">\r\n  <soap:Body>\r\n    <Subtract xmlns=\"http://tempuri.org/\">\r\n      <intA>{{$randomInt}}</intA>\r\n      <intB></intB>\r\n    </Subtract>\r\n  </soap:Body>\r\n</soap:Envelope>",
									"options": {
										"raw": {
											"language": "xml"
										}
									}
								},
								"url": {
									"raw": "http://www.dneonline.com/calculator.asmx",
									"protocol": "http",
									"host": [
										"www",
										"dneonline",
										"com"
									],
									"path": [
										"calculator.asmx"
									]
								}
							},
							"response": []
						},
						{
							"name": "DIVIDE",
							"event": [
								{
									"listen": "test",
									"script": {
										"exec": [
											""
										],
										"type": "text/javascript",
										"packages": {}
									}
								}
							],
							"protocolProfileBehavior": {
								"disabledSystemHeaders": {
									"user-agent": true
								}
							},
							"request": {
								"method": "POST",
								"header": [
									{
										"key": "Content-Type",
										"value": " text/xml; charset=utf-8"
									},
									{
										"key": "SOAPAction",
										"value": " \"http://tempuri.org/Divide\""
									},
									{
										"key": "User-Agent",
										"value": "{{$randomUserAgent}}"
									}
								],
								"body": {
									"mode": "raw",
									"raw": "<?xml version=\"1.0\" encoding=\"utf-8\"?>\r\n<soap:Envelope xmlns:xsi=\"http://www.w3.org/2001/XMLSchema-instance\" xmlns:xsd=\"http://www.w3.org/2001/XMLSchema\" xmlns:soap=\"http://schemas.xmlsoap.org/soap/envelope/\">\r\n  <soap:Body>\r\n    <Divide xmlns=\"http://tempuri.org/\">\r\n      <intA>{{$randomInt}}</intA>\r\n      <intB>{{$randInt}}</intB>\r\n    </Divide>\r\n  </soap:Body>\r\n</soap:Envelope>",
									"options": {
										"raw": {
											"language": "xml"
										}
									}
								},
								"url": {
									"raw": "http://www.dneonline.com/calculator.asmx",
									"protocol": "http",
									"host": [
										"www",
										"dneonline",
										"com"
									],
									"path": [
										"calculator.asmx"
									]
								}
							},
							"response": []
						},
						{
							"name": "MULTIPLY",
							"event": [
								{
									"listen": "test",
									"script": {
										"exec": [
											""
										],
										"type": "text/javascript",
										"packages": {}
									}
								}
							],
							"protocolProfileBehavior": {
								"disabledSystemHeaders": {
									"user-agent": true
								}
							},
							"request": {
								"method": "POST",
								"header": [
									{
										"key": "User-Agent",
										"value": "{{$randomUserAgent}}"
									},
									{
										"key": "Content-Type",
										"value": " text/xml; charset=utf-8"
									},
									{
										"key": "SOAPAction",
										"value": " \"http://tempuri.org/Multiply\""
									}
								],
								"body": {
									"mode": "raw",
									"raw": "<?xml version=\"1.0\" encoding=\"utf-8\"?>\r\n<soap:Envelope xmlns:xsi=\"http://www.w3.org/2001/XMLSchema-instance\" xmlns:xsd=\"http://www.w3.org/2001/XMLSchema\" xmlns:soap=\"http://schemas.xmlsoap.org/soap/envelope/\">\r\n  <soap:Body>\r\n    <Multiply xmlns=\"http://tempuri.org/\">\r\n      <intA></intA>\r\n      <intB></intB>\r\n    </Multiply>\r\n  </soap:Body>\r\n</soap:Envelope>",
									"options": {
										"raw": {
											"language": "xml"
										}
									}
								},
								"url": {
									"raw": "http://www.dneonline.com/calculator.asmx",
									"protocol": "http",
									"host": [
										"www",
										"dneonline",
										"com"
									],
									"path": [
										"calculator.asmx"
									]
								}
							},
							"response": []
						}
					],
					"event": [
						{
							"listen": "prerequest",
							"script": {
								"type": "text/javascript",
								"packages": {},
								"exec": [
									""
								]
							}
						},
						{
							"listen": "test",
							"script": {
								"type": "text/javascript",
								"packages": {},
								"exec": [
									"pm.test(\"Verify if response code is 4xx or 5xx error\", function () {\r",
									"    pm.response.to.be.error;\r",
									"});"
								]
							}
						}
					]
				},
				{
					"name": "BROKEN ENDPOINTS TESTING",
					"item": [
						{
							"name": "ADD",
							"event": [
								{
									"listen": "test",
									"script": {
										"exec": [
											""
										],
										"type": "text/javascript",
										"packages": {}
									}
								}
							],
							"protocolProfileBehavior": {
								"disabledSystemHeaders": {
									"user-agent": true
								}
							},
							"request": {
								"auth": {
									"type": "bearer",
									"bearer": [
										{
											"key": "token",
											"value": "7aae2b24aec11ae439f6e9f60bff79e4127f15d644294402770de5ce3be7a474",
											"type": "string"
										}
									]
								},
								"method": "POST",
								"header": [
									{
										"key": "Content-Type",
										"value": " text/xml; charset=utf-8"
									},
									{
										"key": "SOAPAction",
										"value": " \"http://tempuri.org/Add\""
									},
									{
										"key": "User-Agent",
										"value": "{{$randomUserAgent}}"
									}
								],
								"body": {
									"mode": "raw",
									"raw": "<?xml version=\"1.0\" encoding=\"utf-8\"?>\r\n<soap:Envelope xmlns:xsi=\"http://www.w3.org/2001/XMLSchema-instance\" xmlns:xsd=\"http://www.w3.org/2001/XMLSchema\" xmlns:soap=\"http://schemas.xmlsoap.org/soap/envelope/\">\r\n  <soap:Body>\r\n    <Add xmlns=\"http://tempuri.org/\">\r\n      <intA>{{$randomInt}}</intA>\r\n      <intB>{{$randomInt}}</intB>\r\n    </Add>\r\n  </soap:Body>\r\n</soap:Envelope>",
									"options": {
										"raw": {
											"language": "xml"
										}
									}
								},
								"url": {
									"raw": "http://www.dneonline.com/calulator.asmx",
									"protocol": "http",
									"host": [
										"www",
										"dneonline",
										"com"
									],
									"path": [
										"calulator.asmx"
									]
								}
							},
							"response": []
						},
						{
							"name": "SUBTRACT",
							"event": [
								{
									"listen": "test",
									"script": {
										"exec": [
											""
										],
										"type": "text/javascript",
										"packages": {}
									}
								}
							],
							"protocolProfileBehavior": {
								"disabledSystemHeaders": {
									"user-agent": true
								}
							},
							"request": {
								"auth": {
									"type": "bearer",
									"bearer": [
										{
											"key": "token",
											"value": "7aae2b24aec11ae439f6e9f60bff79e4127f15d644294402770de5ce3be7a474",
											"type": "string"
										}
									]
								},
								"method": "POST",
								"header": [
									{
										"key": "Content-Type",
										"value": " text/xml; charset=utf-8"
									},
									{
										"key": "SOAPAction",
										"value": " \"http://tempuri.org/Subtract\""
									},
									{
										"key": "User-Agent",
										"value": "{{$randomUserAgent}}"
									}
								],
								"body": {
									"mode": "raw",
									"raw": "<?xml version=\"1.0\" encoding=\"utf-8\"?>\r\n<soap:Envelope xmlns:xsi=\"http://www.w3.org/2001/XMLSchema-instance\" xmlns:xsd=\"http://www.w3.org/2001/XMLSchema\" xmlns:soap=\"http://schemas.xmlsoap.org/soap/envelope/\">\r\n  <soap:Body>\r\n    <Subtract xmlns=\"http://tempuri.org/\">\r\n      <intA>{{$randomInt}}</intA>\r\n      <intB>{{$randomInt}}</intB>\r\n    </Subtract>\r\n  </soap:Body>\r\n</soap:Envelope>",
									"options": {
										"raw": {
											"language": "xml"
										}
									}
								},
								"url": {
									"raw": "http://www.dneonline.com/calcultor.asmx",
									"protocol": "http",
									"host": [
										"www",
										"dneonline",
										"com"
									],
									"path": [
										"calcultor.asmx"
									]
								}
							},
							"response": []
						},
						{
							"name": "DIVIDE",
							"event": [
								{
									"listen": "test",
									"script": {
										"exec": [
											""
										],
										"type": "text/javascript",
										"packages": {}
									}
								}
							],
							"protocolProfileBehavior": {
								"disabledSystemHeaders": {
									"user-agent": true
								}
							},
							"request": {
								"method": "POST",
								"header": [
									{
										"key": "Content-Type",
										"value": " text/xml; charset=utf-8"
									},
									{
										"key": "SOAPAction",
										"value": " \"http://tempuri.org/Divide\""
									},
									{
										"key": "User-Agent",
										"value": "{{$randomUserAgent}}"
									}
								],
								"body": {
									"mode": "raw",
									"raw": "<?xml version=\"1.0\" encoding=\"utf-8\"?>\r\n<soap:Envelope xmlns:xsi=\"http://www.w3.org/2001/XMLSchema-instance\" xmlns:xsd=\"http://www.w3.org/2001/XMLSchema\" xmlns:soap=\"http://schemas.xmlsoap.org/soap/envelope/\">\r\n  <soap:Body>\r\n    <Divide xmlns=\"http://tempuri.org/\">\r\n      <intA>{{$randomInt}}</intA>\r\n      <intB>{{$randomInt}}</intB>\r\n    </Divide>\r\n  </soap:Body>\r\n</soap:Envelope>",
									"options": {
										"raw": {
											"language": "xml"
										}
									}
								},
								"url": {
									"raw": "http://www.dneonline.com/clculator.asmx",
									"protocol": "http",
									"host": [
										"www",
										"dneonline",
										"com"
									],
									"path": [
										"clculator.asmx"
									]
								}
							},
							"response": []
						},
						{
							"name": "MULTIPLY",
							"event": [
								{
									"listen": "test",
									"script": {
										"exec": [
											""
										],
										"type": "text/javascript",
										"packages": {}
									}
								}
							],
							"protocolProfileBehavior": {
								"disabledSystemHeaders": {
									"user-agent": true
								}
							},
							"request": {
								"method": "POST",
								"header": [
									{
										"key": "User-Agent",
										"value": "{{$randomUserAgent}}"
									},
									{
										"key": "Content-Type",
										"value": " text/xml; charset=utf-8"
									},
									{
										"key": "SOAPAction",
										"value": " \"http://tempuri.org/Multiply\""
									}
								],
								"body": {
									"mode": "raw",
									"raw": "<?xml version=\"1.0\" encoding=\"utf-8\"?>\r\n<soap:Envelope xmlns:xsi=\"http://www.w3.org/2001/XMLSchema-instance\" xmlns:xsd=\"http://www.w3.org/2001/XMLSchema\" xmlns:soap=\"http://schemas.xmlsoap.org/soap/envelope/\">\r\n  <soap:Body>\r\n    <Multiply xmlns=\"http://tempuri.org/\">\r\n      <intA>{{$randomInt}}</intA>\r\n      <intB>{{$randomInt}}</intB>\r\n    </Multiply>\r\n  </soap:Body>\r\n</soap:Envelope>",
									"options": {
										"raw": {
											"language": "xml"
										}
									}
								},
								"url": {
									"raw": "http://www.dneonline.com/calculatr.asmx",
									"protocol": "http",
									"host": [
										"www",
										"dneonline",
										"com"
									],
									"path": [
										"calculatr.asmx"
									]
								}
							},
							"response": []
						}
					],
					"event": [
						{
							"listen": "prerequest",
							"script": {
								"type": "text/javascript",
								"packages": {},
								"exec": [
									""
								]
							}
						},
						{
							"listen": "test",
							"script": {
								"type": "text/javascript",
								"packages": {},
								"exec": [
									"pm.test(\"Verify if response code is 4xx or 5xx error\", function () {\r",
									"    pm.response.to.be.error;\r",
									"});"
								]
							}
						}
					]
				}
			],
			"event": [
				{
					"listen": "prerequest",
					"script": {
						"type": "text/javascript",
						"packages": {},
						"exec": [
							""
						]
					}
				},
				{
					"listen": "test",
					"script": {
						"type": "text/javascript",
						"packages": {},
						"exec": [
							"pm.test(\"Verify if response code is 4xx or 5xx error\", function () {\r",
							"    pm.response.to.be.error;\r",
							"});"
						]
					}
				}
			]
		}
	]
}