{
	"info": {
		"_postman_id": "b730f59f-679f-4210-9e73-a33b3314177c",
		"name": "Swagger Petstore",
		"description": "This is a sample server Petstore server.  You can find out more about Swagger at [http://swagger.io](http://swagger.io) or on [irc.freenode.net, #swagger](http://swagger.io/irc/).  For this sample, you can use the api key `special-key` to test the authorization filters.\n\nContact Support:\n Email: apiteam@swagger.io",
		"schema": "https://schema.getpostman.com/json/collection/v2.1.0/collection.json",
		"_exporter_id": "27583274",
		"_collection_link": "https://www.postman.com/prasara/workspace/comcasttraining/collection/27583274-b730f59f-679f-4210-9e73-a33b3314177c?action=share&source=collection_link&creator=27583274"
	},
	"item": [
		{
			"name": "pet",
			"item": [
				{
					"name": "{petId}",
					"item": [
						{
							"name": "uploadImage",
							"item": [
								{
									"name": "uploads an image",
									"request": {
										"auth": {
											"type": "oauth2",
											"oauth2": [
												{
													"key": "scope",
													"value": "read:pets write:pets",
													"type": "string"
												},
												{
													"key": "authUrl",
													"value": "https://petstore.swagger.io/oauth/authorize",
													"type": "string"
												},
												{
													"key": "grant_type",
													"value": "implicit",
													"type": "string"
												}
											]
										},
										"method": "POST",
										"header": [
											{
												"key": "Content-Type",
												"value": "multipart/form-data"
											},
											{
												"key": "Accept",
												"value": "application/json"
											}
										],
										"body": {
											"mode": "formdata",
											"formdata": [
												{
													"key": "additionalMetadata",
													"value": "<string>",
													"description": "Additional data to pass to server",
													"type": "text"
												},
												{
													"key": "file",
													"value": "<string>",
													"description": "file to upload",
													"type": "text"
												}
											]
										},
										"url": {
											"raw": "{{baseUrl}}/pet/:petId/uploadImage",
											"host": [
												"{{baseUrl}}"
											],
											"path": [
												"pet",
												":petId",
												"uploadImage"
											],
											"variable": [
												{
													"key": "petId",
													"value": "<long>",
													"description": "(Required) ID of pet to update"
												}
											]
										}
									},
									"response": [
										{
											"name": "successful operation",
											"originalRequest": {
												"method": "POST",
												"header": [
													{
														"key": "Content-Type",
														"value": "multipart/form-data"
													},
													{
														"key": "Accept",
														"value": "application/json"
													},
													{
														"key": "Authorization",
														"value": "<token>",
														"description": "Added as a part of security scheme: oauth2"
													}
												],
												"body": {
													"mode": "formdata",
													"formdata": [
														{
															"key": "additionalMetadata",
															"value": "<string>",
															"description": "Additional data to pass to server",
															"type": "text"
														},
														{
															"key": "file",
															"value": "<string>",
															"description": "file to upload",
															"type": "text"
														}
													]
												},
												"url": {
													"raw": "{{baseUrl}}/pet/:petId/uploadImage",
													"host": [
														"{{baseUrl}}"
													],
													"path": [
														"pet",
														":petId",
														"uploadImage"
													],
													"variable": [
														{
															"key": "petId"
														}
													]
												}
											},
											"status": "OK",
											"code": 200,
											"_postman_previewlanguage": "json",
											"header": [
												{
													"key": "Content-Type",
													"value": "application/json"
												}
											],
											"cookie": [],
											"body": "{\n  \"code\": \"<integer>\",\n  \"type\": \"<string>\",\n  \"message\": \"<string>\"\n}"
										}
									]
								}
							]
						},
						{
							"name": "Find pet by ID",
							"request": {
								"auth": {
									"type": "apikey",
									"apikey": [
										{
											"key": "key",
											"value": "api_key",
											"type": "string"
										},
										{
											"key": "value",
											"value": "{{apiKey}}",
											"type": "string"
										},
										{
											"key": "in",
											"value": "header",
											"type": "string"
										}
									]
								},
								"method": "GET",
								"header": [
									{
										"key": "Accept",
										"value": "application/json"
									}
								],
								"url": {
									"raw": "{{baseUrl}}/pet/:petId",
									"host": [
										"{{baseUrl}}"
									],
									"path": [
										"pet",
										":petId"
									],
									"variable": [
										{
											"key": "petId",
											"value": "<long>",
											"description": "(Required) ID of pet to return"
										}
									]
								},
								"description": "Returns a single pet"
							},
							"response": [
								{
									"name": "successful operation",
									"originalRequest": {
										"method": "GET",
										"header": [
											{
												"key": "Accept",
												"value": "application/json"
											},
											{
												"key": "api_key",
												"value": "<API Key>",
												"description": "Added as a part of security scheme: apikey"
											}
										],
										"url": {
											"raw": "{{baseUrl}}/pet/:petId",
											"host": [
												"{{baseUrl}}"
											],
											"path": [
												"pet",
												":petId"
											],
											"variable": [
												{
													"key": "petId"
												}
											]
										}
									},
									"status": "OK",
									"code": 200,
									"_postman_previewlanguage": "json",
									"header": [
										{
											"key": "Content-Type",
											"value": "application/json"
										}
									],
									"cookie": [],
									"body": "{\n  \"name\": \"<string>\",\n  \"photoUrls\": [\n    \"<string>\",\n    \"<string>\"\n  ],\n  \"id\": \"<long>\",\n  \"category\": {\n    \"id\": \"<long>\",\n    \"name\": \"<string>\"\n  },\n  \"tags\": [\n    {\n      \"id\": \"<long>\",\n      \"name\": \"<string>\"\n    },\n    {\n      \"id\": \"<long>\",\n      \"name\": \"<string>\"\n    }\n  ],\n  \"status\": \"available\"\n}"
								},
								{
									"name": "Invalid ID supplied",
									"originalRequest": {
										"method": "GET",
										"header": [
											{
												"key": "api_key",
												"value": "<API Key>",
												"description": "Added as a part of security scheme: apikey"
											}
										],
										"url": {
											"raw": "{{baseUrl}}/pet/:petId",
											"host": [
												"{{baseUrl}}"
											],
											"path": [
												"pet",
												":petId"
											],
											"variable": [
												{
													"key": "petId"
												}
											]
										}
									},
									"status": "Bad Request",
									"code": 400,
									"_postman_previewlanguage": "text",
									"header": [],
									"cookie": [],
									"body": ""
								},
								{
									"name": "Pet not found",
									"originalRequest": {
										"method": "GET",
										"header": [
											{
												"key": "api_key",
												"value": "<API Key>",
												"description": "Added as a part of security scheme: apikey"
											}
										],
										"url": {
											"raw": "{{baseUrl}}/pet/:petId",
											"host": [
												"{{baseUrl}}"
											],
											"path": [
												"pet",
												":petId"
											],
											"variable": [
												{
													"key": "petId"
												}
											]
										}
									},
									"status": "Not Found",
									"code": 404,
									"_postman_previewlanguage": "text",
									"header": [],
									"cookie": [],
									"body": ""
								}
							]
						},
						{
							"name": "Updates a pet in the store with form data",
							"request": {
								"auth": {
									"type": "oauth2",
									"oauth2": [
										{
											"key": "scope",
											"value": "read:pets write:pets",
											"type": "string"
										},
										{
											"key": "authUrl",
											"value": "https://petstore.swagger.io/oauth/authorize",
											"type": "string"
										},
										{
											"key": "grant_type",
											"value": "implicit",
											"type": "string"
										}
									]
								},
								"method": "POST",
								"header": [
									{
										"key": "Content-Type",
										"value": "application/x-www-form-urlencoded"
									}
								],
								"body": {
									"mode": "urlencoded",
									"urlencoded": [
										{
											"key": "name",
											"value": "<string>",
											"description": "Updated name of the pet"
										},
										{
											"key": "status",
											"value": "<string>",
											"description": "Updated status of the pet"
										}
									]
								},
								"url": {
									"raw": "{{baseUrl}}/pet/:petId",
									"host": [
										"{{baseUrl}}"
									],
									"path": [
										"pet",
										":petId"
									],
									"variable": [
										{
											"key": "petId",
											"value": "<long>",
											"description": "(Required) ID of pet that needs to be updated"
										}
									]
								}
							},
							"response": [
								{
									"name": "Invalid input",
									"originalRequest": {
										"method": "POST",
										"header": [
											{
												"key": "Content-Type",
												"value": "application/x-www-form-urlencoded"
											},
											{
												"key": "Authorization",
												"value": "<token>",
												"description": "Added as a part of security scheme: oauth2"
											}
										],
										"body": {
											"mode": "urlencoded",
											"urlencoded": [
												{
													"key": "name",
													"value": "<string>",
													"description": "Updated name of the pet"
												},
												{
													"key": "status",
													"value": "<string>",
													"description": "Updated status of the pet"
												}
											]
										},
										"url": {
											"raw": "{{baseUrl}}/pet/:petId",
											"host": [
												"{{baseUrl}}"
											],
											"path": [
												"pet",
												":petId"
											],
											"variable": [
												{
													"key": "petId"
												}
											]
										}
									},
									"status": "Method Not Allowed",
									"code": 405,
									"_postman_previewlanguage": "text",
									"header": [],
									"cookie": [],
									"body": ""
								}
							]
						},
						{
							"name": "Deletes a pet",
							"request": {
								"auth": {
									"type": "oauth2",
									"oauth2": [
										{
											"key": "scope",
											"value": "read:pets write:pets",
											"type": "string"
										},
										{
											"key": "authUrl",
											"value": "https://petstore.swagger.io/oauth/authorize",
											"type": "string"
										},
										{
											"key": "grant_type",
											"value": "implicit",
											"type": "string"
										}
									]
								},
								"method": "DELETE",
								"header": [
									{
										"key": "api_key",
										"value": "<string>"
									}
								],
								"url": {
									"raw": "{{baseUrl}}/pet/:petId",
									"host": [
										"{{baseUrl}}"
									],
									"path": [
										"pet",
										":petId"
									],
									"variable": [
										{
											"key": "petId",
											"value": "<long>",
											"description": "(Required) Pet id to delete"
										}
									]
								}
							},
							"response": [
								{
									"name": "Invalid ID supplied",
									"originalRequest": {
										"method": "DELETE",
										"header": [
											{
												"key": "api_key",
												"value": "<string>"
											},
											{
												"key": "Authorization",
												"value": "<token>",
												"description": "Added as a part of security scheme: oauth2"
											}
										],
										"url": {
											"raw": "{{baseUrl}}/pet/:petId",
											"host": [
												"{{baseUrl}}"
											],
											"path": [
												"pet",
												":petId"
											],
											"variable": [
												{
													"key": "petId"
												}
											]
										}
									},
									"status": "Bad Request",
									"code": 400,
									"_postman_previewlanguage": "text",
									"header": [],
									"cookie": [],
									"body": ""
								},
								{
									"name": "Pet not found",
									"originalRequest": {
										"method": "DELETE",
										"header": [
											{
												"key": "api_key",
												"value": "<string>"
											},
											{
												"key": "Authorization",
												"value": "<token>",
												"description": "Added as a part of security scheme: oauth2"
											}
										],
										"url": {
											"raw": "{{baseUrl}}/pet/:petId",
											"host": [
												"{{baseUrl}}"
											],
											"path": [
												"pet",
												":petId"
											],
											"variable": [
												{
													"key": "petId"
												}
											]
										}
									},
									"status": "Not Found",
									"code": 404,
									"_postman_previewlanguage": "text",
									"header": [],
									"cookie": [],
									"body": ""
								}
							]
						}
					]
				},
				{
					"name": "findByStatus",
					"item": [
						{
							"name": "Finds Pets by status",
							"request": {
								"auth": {
									"type": "oauth2",
									"oauth2": [
										{
											"key": "scope",
											"value": "read:pets write:pets",
											"type": "string"
										},
										{
											"key": "authUrl",
											"value": "https://petstore.swagger.io/oauth/authorize",
											"type": "string"
										},
										{
											"key": "grant_type",
											"value": "implicit",
											"type": "string"
										}
									]
								},
								"method": "GET",
								"header": [
									{
										"key": "Accept",
										"value": "application/json"
									}
								],
								"url": {
									"raw": "{{baseUrl}}/pet/findByStatus?status=available&status=available",
									"host": [
										"{{baseUrl}}"
									],
									"path": [
										"pet",
										"findByStatus"
									],
									"query": [
										{
											"key": "status",
											"value": "available",
											"description": "(Required) Status values that need to be considered for filter"
										},
										{
											"key": "status",
											"value": "available",
											"description": "(Required) Status values that need to be considered for filter"
										}
									]
								},
								"description": "Multiple status values can be provided with comma separated strings"
							},
							"response": [
								{
									"name": "successful operation",
									"originalRequest": {
										"method": "GET",
										"header": [
											{
												"key": "Accept",
												"value": "application/json"
											},
											{
												"key": "Authorization",
												"value": "<token>",
												"description": "Added as a part of security scheme: oauth2"
											}
										],
										"url": {
											"raw": "{{baseUrl}}/pet/findByStatus?status=available",
											"host": [
												"{{baseUrl}}"
											],
											"path": [
												"pet",
												"findByStatus"
											],
											"query": [
												{
													"key": "status",
													"value": "available",
													"description": "(Required) Status values that need to be considered for filter"
												}
											]
										}
									},
									"status": "OK",
									"code": 200,
									"_postman_previewlanguage": "json",
									"header": [
										{
											"key": "Content-Type",
											"value": "application/json"
										}
									],
									"cookie": [],
									"body": "[\n  {\n    \"name\": \"<string>\",\n    \"photoUrls\": [\n      \"<string>\",\n      \"<string>\"\n    ],\n    \"id\": \"<long>\",\n    \"category\": {\n      \"id\": \"<long>\",\n      \"name\": \"<string>\"\n    },\n    \"tags\": [\n      {\n        \"id\": \"<long>\",\n        \"name\": \"<string>\"\n      },\n      {\n        \"id\": \"<long>\",\n        \"name\": \"<string>\"\n      }\n    ],\n    \"status\": \"available\"\n  },\n  {\n    \"name\": \"<string>\",\n    \"photoUrls\": [\n      \"<string>\",\n      \"<string>\"\n    ],\n    \"id\": \"<long>\",\n    \"category\": {\n      \"id\": \"<long>\",\n      \"name\": \"<string>\"\n    },\n    \"tags\": [\n      {\n        \"id\": \"<long>\",\n        \"name\": \"<string>\"\n      },\n      {\n        \"id\": \"<long>\",\n        \"name\": \"<string>\"\n      }\n    ],\n    \"status\": \"pending\"\n  }\n]"
								},
								{
									"name": "Invalid status value",
									"originalRequest": {
										"method": "GET",
										"header": [
											{
												"key": "Authorization",
												"value": "<token>",
												"description": "Added as a part of security scheme: oauth2"
											}
										],
										"url": {
											"raw": "{{baseUrl}}/pet/findByStatus?status=available",
											"host": [
												"{{baseUrl}}"
											],
											"path": [
												"pet",
												"findByStatus"
											],
											"query": [
												{
													"key": "status",
													"value": "available",
													"description": "(Required) Status values that need to be considered for filter"
												}
											]
										}
									},
									"status": "Bad Request",
									"code": 400,
									"_postman_previewlanguage": "text",
									"header": [],
									"cookie": [],
									"body": ""
								}
							]
						}
					]
				},
				{
					"name": "findByTags",
					"item": [
						{
							"name": "Finds Pets by tags",
							"request": {
								"auth": {
									"type": "oauth2",
									"oauth2": [
										{
											"key": "scope",
											"value": "read:pets write:pets",
											"type": "string"
										},
										{
											"key": "authUrl",
											"value": "https://petstore.swagger.io/oauth/authorize",
											"type": "string"
										},
										{
											"key": "grant_type",
											"value": "implicit",
											"type": "string"
										}
									]
								},
								"method": "GET",
								"header": [
									{
										"key": "Accept",
										"value": "application/json"
									}
								],
								"url": {
									"raw": "{{baseUrl}}/pet/findByTags?tags=<string>&tags=<string>",
									"host": [
										"{{baseUrl}}"
									],
									"path": [
										"pet",
										"findByTags"
									],
									"query": [
										{
											"key": "tags",
											"value": "<string>",
											"description": "(Required) Tags to filter by"
										},
										{
											"key": "tags",
											"value": "<string>",
											"description": "(Required) Tags to filter by"
										}
									]
								},
								"description": "Multiple tags can be provided with comma separated strings. Use tag1, tag2, tag3 for testing."
							},
							"response": [
								{
									"name": "successful operation",
									"originalRequest": {
										"method": "GET",
										"header": [
											{
												"key": "Accept",
												"value": "application/json"
											},
											{
												"key": "Authorization",
												"value": "<token>",
												"description": "Added as a part of security scheme: oauth2"
											}
										],
										"url": {
											"raw": "{{baseUrl}}/pet/findByTags?tags=<string>",
											"host": [
												"{{baseUrl}}"
											],
											"path": [
												"pet",
												"findByTags"
											],
											"query": [
												{
													"key": "tags",
													"value": "<string>",
													"description": "(Required) Tags to filter by"
												}
											]
										}
									},
									"status": "OK",
									"code": 200,
									"_postman_previewlanguage": "json",
									"header": [
										{
											"key": "Content-Type",
											"value": "application/json"
										}
									],
									"cookie": [],
									"body": "[\n  {\n    \"name\": \"<string>\",\n    \"photoUrls\": [\n      \"<string>\",\n      \"<string>\"\n    ],\n    \"id\": \"<long>\",\n    \"category\": {\n      \"id\": \"<long>\",\n      \"name\": \"<string>\"\n    },\n    \"tags\": [\n      {\n        \"id\": \"<long>\",\n        \"name\": \"<string>\"\n      },\n      {\n        \"id\": \"<long>\",\n        \"name\": \"<string>\"\n      }\n    ],\n    \"status\": \"available\"\n  },\n  {\n    \"name\": \"<string>\",\n    \"photoUrls\": [\n      \"<string>\",\n      \"<string>\"\n    ],\n    \"id\": \"<long>\",\n    \"category\": {\n      \"id\": \"<long>\",\n      \"name\": \"<string>\"\n    },\n    \"tags\": [\n      {\n        \"id\": \"<long>\",\n        \"name\": \"<string>\"\n      },\n      {\n        \"id\": \"<long>\",\n        \"name\": \"<string>\"\n      }\n    ],\n    \"status\": \"pending\"\n  }\n]"
								},
								{
									"name": "Invalid tag value",
									"originalRequest": {
										"method": "GET",
										"header": [
											{
												"key": "Authorization",
												"value": "<token>",
												"description": "Added as a part of security scheme: oauth2"
											}
										],
										"url": {
											"raw": "{{baseUrl}}/pet/findByTags?tags=<string>",
											"host": [
												"{{baseUrl}}"
											],
											"path": [
												"pet",
												"findByTags"
											],
											"query": [
												{
													"key": "tags",
													"value": "<string>",
													"description": "(Required) Tags to filter by"
												}
											]
										}
									},
									"status": "Bad Request",
									"code": 400,
									"_postman_previewlanguage": "text",
									"header": [],
									"cookie": [],
									"body": ""
								}
							]
						}
					]
				},
				{
					"name": "Add a new pet to the store",
					"request": {
						"auth": {
							"type": "oauth2",
							"oauth2": [
								{
									"key": "scope",
									"value": "read:pets write:pets",
									"type": "string"
								},
								{
									"key": "authUrl",
									"value": "https://petstore.swagger.io/oauth/authorize",
									"type": "string"
								},
								{
									"key": "grant_type",
									"value": "implicit",
									"type": "string"
								}
							]
						},
						"method": "POST",
						"header": [
							{
								"key": "Content-Type",
								"value": "application/json"
							}
						],
						"body": {
							"mode": "raw",
							"raw": "{\n  \"name\": \"<string>\",\n  \"photoUrls\": [\n    \"<string>\",\n    \"<string>\"\n  ],\n  \"id\": \"<long>\",\n  \"category\": {\n    \"id\": \"<long>\",\n    \"name\": \"<string>\"\n  },\n  \"tags\": [\n    {\n      \"id\": \"<long>\",\n      \"name\": \"<string>\"\n    },\n    {\n      \"id\": \"<long>\",\n      \"name\": \"<string>\"\n    }\n  ],\n  \"status\": \"available\"\n}",
							"options": {
								"raw": {
									"headerFamily": "json",
									"language": "json"
								}
							}
						},
						"url": {
							"raw": "{{baseUrl}}/pet",
							"host": [
								"{{baseUrl}}"
							],
							"path": [
								"pet"
							]
						}
					},
					"response": [
						{
							"name": "Invalid input",
							"originalRequest": {
								"method": "POST",
								"header": [
									{
										"key": "Content-Type",
										"value": "application/json"
									},
									{
										"key": "Authorization",
										"value": "<token>",
										"description": "Added as a part of security scheme: oauth2"
									}
								],
								"body": {
									"mode": "raw",
									"raw": "{\n  \"name\": \"<string>\",\n  \"photoUrls\": [\n    \"<string>\",\n    \"<string>\"\n  ],\n  \"id\": \"<long>\",\n  \"category\": {\n    \"id\": \"<long>\",\n    \"name\": \"<string>\"\n  },\n  \"tags\": [\n    {\n      \"id\": \"<long>\",\n      \"name\": \"<string>\"\n    },\n    {\n      \"id\": \"<long>\",\n      \"name\": \"<string>\"\n    }\n  ],\n  \"status\": \"available\"\n}",
									"options": {
										"raw": {
											"headerFamily": "json",
											"language": "json"
										}
									}
								},
								"url": {
									"raw": "{{baseUrl}}/pet",
									"host": [
										"{{baseUrl}}"
									],
									"path": [
										"pet"
									]
								}
							},
							"status": "Method Not Allowed",
							"code": 405,
							"_postman_previewlanguage": "text",
							"header": [],
							"cookie": [],
							"body": ""
						}
					]
				},
				{
					"name": "Update an existing pet",
					"request": {
						"auth": {
							"type": "oauth2",
							"oauth2": [
								{
									"key": "scope",
									"value": "read:pets write:pets",
									"type": "string"
								},
								{
									"key": "authUrl",
									"value": "https://petstore.swagger.io/oauth/authorize",
									"type": "string"
								},
								{
									"key": "grant_type",
									"value": "implicit",
									"type": "string"
								}
							]
						},
						"method": "PUT",
						"header": [
							{
								"key": "Content-Type",
								"value": "application/json"
							}
						],
						"body": {
							"mode": "raw",
							"raw": "{\n  \"name\": \"<string>\",\n  \"photoUrls\": [\n    \"<string>\",\n    \"<string>\"\n  ],\n  \"id\": \"<long>\",\n  \"category\": {\n    \"id\": \"<long>\",\n    \"name\": \"<string>\"\n  },\n  \"tags\": [\n    {\n      \"id\": \"<long>\",\n      \"name\": \"<string>\"\n    },\n    {\n      \"id\": \"<long>\",\n      \"name\": \"<string>\"\n    }\n  ],\n  \"status\": \"available\"\n}",
							"options": {
								"raw": {
									"headerFamily": "json",
									"language": "json"
								}
							}
						},
						"url": {
							"raw": "{{baseUrl}}/pet",
							"host": [
								"{{baseUrl}}"
							],
							"path": [
								"pet"
							]
						}
					},
					"response": [
						{
							"name": "Invalid ID supplied",
							"originalRequest": {
								"method": "PUT",
								"header": [
									{
										"key": "Content-Type",
										"value": "application/json"
									},
									{
										"key": "Authorization",
										"value": "<token>",
										"description": "Added as a part of security scheme: oauth2"
									}
								],
								"body": {
									"mode": "raw",
									"raw": "{\n  \"name\": \"<string>\",\n  \"photoUrls\": [\n    \"<string>\",\n    \"<string>\"\n  ],\n  \"id\": \"<long>\",\n  \"category\": {\n    \"id\": \"<long>\",\n    \"name\": \"<string>\"\n  },\n  \"tags\": [\n    {\n      \"id\": \"<long>\",\n      \"name\": \"<string>\"\n    },\n    {\n      \"id\": \"<long>\",\n      \"name\": \"<string>\"\n    }\n  ],\n  \"status\": \"available\"\n}",
									"options": {
										"raw": {
											"headerFamily": "json",
											"language": "json"
										}
									}
								},
								"url": {
									"raw": "{{baseUrl}}/pet",
									"host": [
										"{{baseUrl}}"
									],
									"path": [
										"pet"
									]
								}
							},
							"status": "Bad Request",
							"code": 400,
							"_postman_previewlanguage": "text",
							"header": [],
							"cookie": [],
							"body": ""
						},
						{
							"name": "Pet not found",
							"originalRequest": {
								"method": "PUT",
								"header": [
									{
										"key": "Content-Type",
										"value": "application/json"
									},
									{
										"key": "Authorization",
										"value": "<token>",
										"description": "Added as a part of security scheme: oauth2"
									}
								],
								"body": {
									"mode": "raw",
									"raw": "{\n  \"name\": \"<string>\",\n  \"photoUrls\": [\n    \"<string>\",\n    \"<string>\"\n  ],\n  \"id\": \"<long>\",\n  \"category\": {\n    \"id\": \"<long>\",\n    \"name\": \"<string>\"\n  },\n  \"tags\": [\n    {\n      \"id\": \"<long>\",\n      \"name\": \"<string>\"\n    },\n    {\n      \"id\": \"<long>\",\n      \"name\": \"<string>\"\n    }\n  ],\n  \"status\": \"available\"\n}",
									"options": {
										"raw": {
											"headerFamily": "json",
											"language": "json"
										}
									}
								},
								"url": {
									"raw": "{{baseUrl}}/pet",
									"host": [
										"{{baseUrl}}"
									],
									"path": [
										"pet"
									]
								}
							},
							"status": "Not Found",
							"code": 404,
							"_postman_previewlanguage": "text",
							"header": [],
							"cookie": [],
							"body": ""
						},
						{
							"name": "Validation exception",
							"originalRequest": {
								"method": "PUT",
								"header": [
									{
										"key": "Content-Type",
										"value": "application/json"
									},
									{
										"key": "Authorization",
										"value": "<token>",
										"description": "Added as a part of security scheme: oauth2"
									}
								],
								"body": {
									"mode": "raw",
									"raw": "{\n  \"name\": \"<string>\",\n  \"photoUrls\": [\n    \"<string>\",\n    \"<string>\"\n  ],\n  \"id\": \"<long>\",\n  \"category\": {\n    \"id\": \"<long>\",\n    \"name\": \"<string>\"\n  },\n  \"tags\": [\n    {\n      \"id\": \"<long>\",\n      \"name\": \"<string>\"\n    },\n    {\n      \"id\": \"<long>\",\n      \"name\": \"<string>\"\n    }\n  ],\n  \"status\": \"available\"\n}",
									"options": {
										"raw": {
											"headerFamily": "json",
											"language": "json"
										}
									}
								},
								"url": {
									"raw": "{{baseUrl}}/pet",
									"host": [
										"{{baseUrl}}"
									],
									"path": [
										"pet"
									]
								}
							},
							"status": "Method Not Allowed",
							"code": 405,
							"_postman_previewlanguage": "text",
							"header": [],
							"cookie": [],
							"body": ""
						}
					]
				}
			]
		},
		{
			"name": "store",
			"item": [
				{
					"name": "inventory",
					"item": [
						{
							"name": "Returns pet inventories by status",
							"request": {
								"auth": {
									"type": "apikey",
									"apikey": [
										{
											"key": "key",
											"value": "api_key",
											"type": "string"
										},
										{
											"key": "value",
											"value": "{{apiKey}}",
											"type": "string"
										},
										{
											"key": "in",
											"value": "header",
											"type": "string"
										}
									]
								},
								"method": "GET",
								"header": [
									{
										"key": "Accept",
										"value": "application/json"
									}
								],
								"url": {
									"raw": "{{baseUrl}}/store/inventory",
									"host": [
										"{{baseUrl}}"
									],
									"path": [
										"store",
										"inventory"
									]
								},
								"description": "Returns a map of status codes to quantities"
							},
							"response": [
								{
									"name": "successful operation",
									"originalRequest": {
										"method": "GET",
										"header": [
											{
												"key": "Accept",
												"value": "application/json"
											},
											{
												"key": "api_key",
												"value": "<API Key>",
												"description": "Added as a part of security scheme: apikey"
											}
										],
										"url": {
											"raw": "{{baseUrl}}/store/inventory",
											"host": [
												"{{baseUrl}}"
											],
											"path": [
												"store",
												"inventory"
											]
										}
									},
									"status": "OK",
									"code": 200,
									"_postman_previewlanguage": "json",
									"header": [
										{
											"key": "Content-Type",
											"value": "application/json"
										}
									],
									"cookie": [],
									"body": "{\n  \"est_74f\": \"<integer>\",\n  \"ut_c7b\": \"<integer>\",\n  \"officia_5a\": \"<integer>\"\n}"
								}
							]
						}
					]
				},
				{
					"name": "order",
					"item": [
						{
							"name": "{orderId}",
							"item": [
								{
									"name": "Find purchase order by ID",
									"request": {
										"method": "GET",
										"header": [
											{
												"key": "Accept",
												"value": "application/json"
											}
										],
										"url": {
											"raw": "{{baseUrl}}/store/order/:orderId",
											"host": [
												"{{baseUrl}}"
											],
											"path": [
												"store",
												"order",
												":orderId"
											],
											"variable": [
												{
													"key": "orderId",
													"value": "<long>",
													"description": "(Required) ID of pet that needs to be fetched"
												}
											]
										},
										"description": "For valid response try integer IDs with value >= 1 and <= 10. Other values will generated exceptions"
									},
									"response": [
										{
											"name": "successful operation",
											"originalRequest": {
												"method": "GET",
												"header": [
													{
														"key": "Accept",
														"value": "application/json"
													}
												],
												"url": {
													"raw": "{{baseUrl}}/store/order/:orderId",
													"host": [
														"{{baseUrl}}"
													],
													"path": [
														"store",
														"order",
														":orderId"
													],
													"variable": [
														{
															"key": "orderId"
														}
													]
												}
											},
											"status": "OK",
											"code": 200,
											"_postman_previewlanguage": "json",
											"header": [
												{
													"key": "Content-Type",
													"value": "application/json"
												}
											],
											"cookie": [],
											"body": "{\n  \"id\": \"<long>\",\n  \"petId\": \"<long>\",\n  \"quantity\": \"<integer>\",\n  \"shipDate\": \"<dateTime>\",\n  \"status\": \"placed\",\n  \"complete\": \"<boolean>\"\n}"
										},
										{
											"name": "Invalid ID supplied",
											"originalRequest": {
												"method": "GET",
												"header": [],
												"url": {
													"raw": "{{baseUrl}}/store/order/:orderId",
													"host": [
														"{{baseUrl}}"
													],
													"path": [
														"store",
														"order",
														":orderId"
													],
													"variable": [
														{
															"key": "orderId"
														}
													]
												}
											},
											"status": "Bad Request",
											"code": 400,
											"_postman_previewlanguage": "text",
											"header": [],
											"cookie": [],
											"body": ""
										},
										{
											"name": "Order not found",
											"originalRequest": {
												"method": "GET",
												"header": [],
												"url": {
													"raw": "{{baseUrl}}/store/order/:orderId",
													"host": [
														"{{baseUrl}}"
													],
													"path": [
														"store",
														"order",
														":orderId"
													],
													"variable": [
														{
															"key": "orderId"
														}
													]
												}
											},
											"status": "Not Found",
											"code": 404,
											"_postman_previewlanguage": "text",
											"header": [],
											"cookie": [],
											"body": ""
										}
									]
								},
								{
									"name": "Delete purchase order by ID",
									"request": {
										"method": "DELETE",
										"header": [],
										"url": {
											"raw": "{{baseUrl}}/store/order/:orderId",
											"host": [
												"{{baseUrl}}"
											],
											"path": [
												"store",
												"order",
												":orderId"
											],
											"variable": [
												{
													"key": "orderId",
													"value": "<long>",
													"description": "(Required) ID of the order that needs to be deleted"
												}
											]
										},
										"description": "For valid response try integer IDs with positive integer value. Negative or non-integer values will generate API errors"
									},
									"response": [
										{
											"name": "Invalid ID supplied",
											"originalRequest": {
												"method": "DELETE",
												"header": [],
												"url": {
													"raw": "{{baseUrl}}/store/order/:orderId",
													"host": [
														"{{baseUrl}}"
													],
													"path": [
														"store",
														"order",
														":orderId"
													],
													"variable": [
														{
															"key": "orderId"
														}
													]
												}
											},
											"status": "Bad Request",
											"code": 400,
											"_postman_previewlanguage": "text",
											"header": [],
											"cookie": [],
											"body": ""
										},
										{
											"name": "Order not found",
											"originalRequest": {
												"method": "DELETE",
												"header": [],
												"url": {
													"raw": "{{baseUrl}}/store/order/:orderId",
													"host": [
														"{{baseUrl}}"
													],
													"path": [
														"store",
														"order",
														":orderId"
													],
													"variable": [
														{
															"key": "orderId"
														}
													]
												}
											},
											"status": "Not Found",
											"code": 404,
											"_postman_previewlanguage": "text",
											"header": [],
											"cookie": [],
											"body": ""
										}
									]
								}
							]
						},
						{
							"name": "Place an order for a pet",
							"request": {
								"method": "POST",
								"header": [
									{
										"key": "Content-Type",
										"value": "application/json"
									},
									{
										"key": "Accept",
										"value": "application/json"
									}
								],
								"body": {
									"mode": "raw",
									"raw": "{\n  \"id\": \"<long>\",\n  \"petId\": \"<long>\",\n  \"quantity\": \"<integer>\",\n  \"shipDate\": \"<dateTime>\",\n  \"status\": \"placed\",\n  \"complete\": \"<boolean>\"\n}",
									"options": {
										"raw": {
											"headerFamily": "json",
											"language": "json"
										}
									}
								},
								"url": {
									"raw": "{{baseUrl}}/store/order",
									"host": [
										"{{baseUrl}}"
									],
									"path": [
										"store",
										"order"
									]
								}
							},
							"response": [
								{
									"name": "successful operation",
									"originalRequest": {
										"method": "POST",
										"header": [
											{
												"key": "Content-Type",
												"value": "application/json"
											},
											{
												"key": "Accept",
												"value": "application/json"
											}
										],
										"body": {
											"mode": "raw",
											"raw": "{\n  \"id\": \"<long>\",\n  \"petId\": \"<long>\",\n  \"quantity\": \"<integer>\",\n  \"shipDate\": \"<dateTime>\",\n  \"status\": \"placed\",\n  \"complete\": \"<boolean>\"\n}",
											"options": {
												"raw": {
													"headerFamily": "json",
													"language": "json"
												}
											}
										},
										"url": {
											"raw": "{{baseUrl}}/store/order",
											"host": [
												"{{baseUrl}}"
											],
											"path": [
												"store",
												"order"
											]
										}
									},
									"status": "OK",
									"code": 200,
									"_postman_previewlanguage": "json",
									"header": [
										{
											"key": "Content-Type",
											"value": "application/json"
										}
									],
									"cookie": [],
									"body": "{\n  \"id\": \"<long>\",\n  \"petId\": \"<long>\",\n  \"quantity\": \"<integer>\",\n  \"shipDate\": \"<dateTime>\",\n  \"status\": \"placed\",\n  \"complete\": \"<boolean>\"\n}"
								},
								{
									"name": "Invalid Order",
									"originalRequest": {
										"method": "POST",
										"header": [
											{
												"key": "Content-Type",
												"value": "application/json"
											}
										],
										"body": {
											"mode": "raw",
											"raw": "{\n  \"id\": \"<long>\",\n  \"petId\": \"<long>\",\n  \"quantity\": \"<integer>\",\n  \"shipDate\": \"<dateTime>\",\n  \"status\": \"placed\",\n  \"complete\": \"<boolean>\"\n}",
											"options": {
												"raw": {
													"headerFamily": "json",
													"language": "json"
												}
											}
										},
										"url": {
											"raw": "{{baseUrl}}/store/order",
											"host": [
												"{{baseUrl}}"
											],
											"path": [
												"store",
												"order"
											]
										}
									},
									"status": "Bad Request",
									"code": 400,
									"_postman_previewlanguage": "text",
									"header": [],
									"cookie": [],
									"body": ""
								}
							]
						}
					]
				}
			]
		},
		{
			"name": "user",
			"item": [
				{
					"name": "createWithList",
					"item": [
						{
							"name": "Creates list of users with given input array",
							"request": {
								"method": "POST",
								"header": [
									{
										"key": "Content-Type",
										"value": "application/json"
									}
								],
								"body": {
									"mode": "raw",
									"raw": "[\n  {\n    \"id\": \"<long>\",\n    \"username\": \"<string>\",\n    \"firstName\": \"<string>\",\n    \"lastName\": \"<string>\",\n    \"email\": \"<string>\",\n    \"password\": \"<string>\",\n    \"phone\": \"<string>\",\n    \"userStatus\": \"<integer>\"\n  },\n  {\n    \"id\": \"<long>\",\n    \"username\": \"<string>\",\n    \"firstName\": \"<string>\",\n    \"lastName\": \"<string>\",\n    \"email\": \"<string>\",\n    \"password\": \"<string>\",\n    \"phone\": \"<string>\",\n    \"userStatus\": \"<integer>\"\n  }\n]",
									"options": {
										"raw": {
											"headerFamily": "json",
											"language": "json"
										}
									}
								},
								"url": {
									"raw": "{{baseUrl}}/user/createWithList",
									"host": [
										"{{baseUrl}}"
									],
									"path": [
										"user",
										"createWithList"
									]
								}
							},
							"response": [
								{
									"name": "successful operation",
									"originalRequest": {
										"method": "POST",
										"header": [
											{
												"key": "Content-Type",
												"value": "application/json"
											}
										],
										"body": {
											"mode": "raw",
											"raw": "[\n  {\n    \"id\": \"<long>\",\n    \"username\": \"<string>\",\n    \"firstName\": \"<string>\",\n    \"lastName\": \"<string>\",\n    \"email\": \"<string>\",\n    \"password\": \"<string>\",\n    \"phone\": \"<string>\",\n    \"userStatus\": \"<integer>\"\n  },\n  {\n    \"id\": \"<long>\",\n    \"username\": \"<string>\",\n    \"firstName\": \"<string>\",\n    \"lastName\": \"<string>\",\n    \"email\": \"<string>\",\n    \"password\": \"<string>\",\n    \"phone\": \"<string>\",\n    \"userStatus\": \"<integer>\"\n  }\n]",
											"options": {
												"raw": {
													"headerFamily": "json",
													"language": "json"
												}
											}
										},
										"url": {
											"raw": "{{baseUrl}}/user/createWithList",
											"host": [
												"{{baseUrl}}"
											],
											"path": [
												"user",
												"createWithList"
											]
										}
									},
									"status": "Internal Server Error",
									"code": 500,
									"_postman_previewlanguage": "text",
									"header": [],
									"cookie": [],
									"body": ""
								}
							]
						}
					]
				},
				{
					"name": "{username}",
					"item": [
						{
							"name": "Get user by user name",
							"request": {
								"method": "GET",
								"header": [
									{
										"key": "Accept",
										"value": "application/json"
									}
								],
								"url": {
									"raw": "{{baseUrl}}/user/:username",
									"host": [
										"{{baseUrl}}"
									],
									"path": [
										"user",
										":username"
									],
									"variable": [
										{
											"key": "username",
											"value": "<string>",
											"description": "(Required) The name that needs to be fetched. Use user1 for testing. "
										}
									]
								}
							},
							"response": [
								{
									"name": "successful operation",
									"originalRequest": {
										"method": "GET",
										"header": [
											{
												"key": "Accept",
												"value": "application/json"
											}
										],
										"url": {
											"raw": "{{baseUrl}}/user/:username",
											"host": [
												"{{baseUrl}}"
											],
											"path": [
												"user",
												":username"
											],
											"variable": [
												{
													"key": "username"
												}
											]
										}
									},
									"status": "OK",
									"code": 200,
									"_postman_previewlanguage": "json",
									"header": [
										{
											"key": "Content-Type",
											"value": "application/json"
										}
									],
									"cookie": [],
									"body": "{\n  \"id\": \"<long>\",\n  \"username\": \"<string>\",\n  \"firstName\": \"<string>\",\n  \"lastName\": \"<string>\",\n  \"email\": \"<string>\",\n  \"password\": \"<string>\",\n  \"phone\": \"<string>\",\n  \"userStatus\": \"<integer>\"\n}"
								},
								{
									"name": "Invalid username supplied",
									"originalRequest": {
										"method": "GET",
										"header": [],
										"url": {
											"raw": "{{baseUrl}}/user/:username",
											"host": [
												"{{baseUrl}}"
											],
											"path": [
												"user",
												":username"
											],
											"variable": [
												{
													"key": "username"
												}
											]
										}
									},
									"status": "Bad Request",
									"code": 400,
									"_postman_previewlanguage": "text",
									"header": [],
									"cookie": [],
									"body": ""
								},
								{
									"name": "User not found",
									"originalRequest": {
										"method": "GET",
										"header": [],
										"url": {
											"raw": "{{baseUrl}}/user/:username",
											"host": [
												"{{baseUrl}}"
											],
											"path": [
												"user",
												":username"
											],
											"variable": [
												{
													"key": "username"
												}
											]
										}
									},
									"status": "Not Found",
									"code": 404,
									"_postman_previewlanguage": "text",
									"header": [],
									"cookie": [],
									"body": ""
								}
							]
						},
						{
							"name": "Updated user",
							"request": {
								"method": "PUT",
								"header": [
									{
										"key": "Content-Type",
										"value": "application/json"
									}
								],
								"body": {
									"mode": "raw",
									"raw": "{\n  \"id\": \"<long>\",\n  \"username\": \"<string>\",\n  \"firstName\": \"<string>\",\n  \"lastName\": \"<string>\",\n  \"email\": \"<string>\",\n  \"password\": \"<string>\",\n  \"phone\": \"<string>\",\n  \"userStatus\": \"<integer>\"\n}",
									"options": {
										"raw": {
											"headerFamily": "json",
											"language": "json"
										}
									}
								},
								"url": {
									"raw": "{{baseUrl}}/user/:username",
									"host": [
										"{{baseUrl}}"
									],
									"path": [
										"user",
										":username"
									],
									"variable": [
										{
											"key": "username",
											"value": "<string>",
											"description": "(Required) name that need to be updated"
										}
									]
								},
								"description": "This can only be done by the logged in user."
							},
							"response": [
								{
									"name": "Invalid user supplied",
									"originalRequest": {
										"method": "PUT",
										"header": [
											{
												"key": "Content-Type",
												"value": "application/json"
											}
										],
										"body": {
											"mode": "raw",
											"raw": "{\n  \"id\": \"<long>\",\n  \"username\": \"<string>\",\n  \"firstName\": \"<string>\",\n  \"lastName\": \"<string>\",\n  \"email\": \"<string>\",\n  \"password\": \"<string>\",\n  \"phone\": \"<string>\",\n  \"userStatus\": \"<integer>\"\n}",
											"options": {
												"raw": {
													"headerFamily": "json",
													"language": "json"
												}
											}
										},
										"url": {
											"raw": "{{baseUrl}}/user/:username",
											"host": [
												"{{baseUrl}}"
											],
											"path": [
												"user",
												":username"
											],
											"variable": [
												{
													"key": "username"
												}
											]
										}
									},
									"status": "Bad Request",
									"code": 400,
									"_postman_previewlanguage": "text",
									"header": [],
									"cookie": [],
									"body": ""
								},
								{
									"name": "User not found",
									"originalRequest": {
										"method": "PUT",
										"header": [
											{
												"key": "Content-Type",
												"value": "application/json"
											}
										],
										"body": {
											"mode": "raw",
											"raw": "{\n  \"id\": \"<long>\",\n  \"username\": \"<string>\",\n  \"firstName\": \"<string>\",\n  \"lastName\": \"<string>\",\n  \"email\": \"<string>\",\n  \"password\": \"<string>\",\n  \"phone\": \"<string>\",\n  \"userStatus\": \"<integer>\"\n}",
											"options": {
												"raw": {
													"headerFamily": "json",
													"language": "json"
												}
											}
										},
										"url": {
											"raw": "{{baseUrl}}/user/:username",
											"host": [
												"{{baseUrl}}"
											],
											"path": [
												"user",
												":username"
											],
											"variable": [
												{
													"key": "username"
												}
											]
										}
									},
									"status": "Not Found",
									"code": 404,
									"_postman_previewlanguage": "text",
									"header": [],
									"cookie": [],
									"body": ""
								}
							]
						},
						{
							"name": "Delete user",
							"request": {
								"method": "DELETE",
								"header": [],
								"url": {
									"raw": "{{baseUrl}}/user/:username",
									"host": [
										"{{baseUrl}}"
									],
									"path": [
										"user",
										":username"
									],
									"variable": [
										{
											"key": "username",
											"value": "<string>",
											"description": "(Required) The name that needs to be deleted"
										}
									]
								},
								"description": "This can only be done by the logged in user."
							},
							"response": [
								{
									"name": "Invalid username supplied",
									"originalRequest": {
										"method": "DELETE",
										"header": [],
										"url": {
											"raw": "{{baseUrl}}/user/:username",
											"host": [
												"{{baseUrl}}"
											],
											"path": [
												"user",
												":username"
											],
											"variable": [
												{
													"key": "username"
												}
											]
										}
									},
									"status": "Bad Request",
									"code": 400,
									"_postman_previewlanguage": "text",
									"header": [],
									"cookie": [],
									"body": ""
								},
								{
									"name": "User not found",
									"originalRequest": {
										"method": "DELETE",
										"header": [],
										"url": {
											"raw": "{{baseUrl}}/user/:username",
											"host": [
												"{{baseUrl}}"
											],
											"path": [
												"user",
												":username"
											],
											"variable": [
												{
													"key": "username"
												}
											]
										}
									},
									"status": "Not Found",
									"code": 404,
									"_postman_previewlanguage": "text",
									"header": [],
									"cookie": [],
									"body": ""
								}
							]
						}
					]
				},
				{
					"name": "login",
					"item": [
						{
							"name": "Logs user into the system",
							"request": {
								"method": "GET",
								"header": [
									{
										"key": "Accept",
										"value": "application/json"
									}
								],
								"url": {
									"raw": "{{baseUrl}}/user/login?username=<string>&password=<string>",
									"host": [
										"{{baseUrl}}"
									],
									"path": [
										"user",
										"login"
									],
									"query": [
										{
											"key": "username",
											"value": "<string>",
											"description": "(Required) The user name for login"
										},
										{
											"key": "password",
											"value": "<string>",
											"description": "(Required) The password for login in clear text"
										}
									]
								}
							},
							"response": [
								{
									"name": "successful operation",
									"originalRequest": {
										"method": "GET",
										"header": [
											{
												"key": "Accept",
												"value": "application/json"
											}
										],
										"url": {
											"raw": "{{baseUrl}}/user/login?username=<string>&password=<string>",
											"host": [
												"{{baseUrl}}"
											],
											"path": [
												"user",
												"login"
											],
											"query": [
												{
													"key": "username",
													"value": "<string>",
													"description": "(Required) The user name for login"
												},
												{
													"key": "password",
													"value": "<string>",
													"description": "(Required) The password for login in clear text"
												}
											]
										}
									},
									"status": "OK",
									"code": 200,
									"_postman_previewlanguage": "json",
									"header": [
										{
											"key": "Content-Type",
											"value": "application/json"
										},
										{
											"key": "X-Expires-After",
											"value": "<dateTime>",
											"description": {
												"content": "date in UTC when token expires",
												"type": "text/plain"
											}
										},
										{
											"key": "X-Rate-Limit",
											"value": "<integer>",
											"description": {
												"content": "calls per hour allowed by the user",
												"type": "text/plain"
											}
										}
									],
									"cookie": [],
									"body": "<string>"
								},
								{
									"name": "Invalid username/password supplied",
									"originalRequest": {
										"method": "GET",
										"header": [],
										"url": {
											"raw": "{{baseUrl}}/user/login?username=<string>&password=<string>",
											"host": [
												"{{baseUrl}}"
											],
											"path": [
												"user",
												"login"
											],
											"query": [
												{
													"key": "username",
													"value": "<string>",
													"description": "(Required) The user name for login"
												},
												{
													"key": "password",
													"value": "<string>",
													"description": "(Required) The password for login in clear text"
												}
											]
										}
									},
									"status": "Bad Request",
									"code": 400,
									"_postman_previewlanguage": "text",
									"header": [],
									"cookie": [],
									"body": ""
								}
							]
						}
					]
				},
				{
					"name": "logout",
					"item": [
						{
							"name": "Logs out current logged in user session",
							"request": {
								"method": "GET",
								"header": [],
								"url": {
									"raw": "{{baseUrl}}/user/logout",
									"host": [
										"{{baseUrl}}"
									],
									"path": [
										"user",
										"logout"
									]
								}
							},
							"response": [
								{
									"name": "successful operation",
									"originalRequest": {
										"method": "GET",
										"header": [],
										"url": {
											"raw": "{{baseUrl}}/user/logout",
											"host": [
												"{{baseUrl}}"
											],
											"path": [
												"user",
												"logout"
											]
										}
									},
									"status": "Internal Server Error",
									"code": 500,
									"_postman_previewlanguage": "text",
									"header": [],
									"cookie": [],
									"body": ""
								}
							]
						}
					]
				},
				{
					"name": "createWithArray",
					"item": [
						{
							"name": "Creates list of users with given input array",
							"request": {
								"method": "POST",
								"header": [
									{
										"key": "Content-Type",
										"value": "application/json"
									}
								],
								"body": {
									"mode": "raw",
									"raw": "[\n  {\n    \"id\": \"<long>\",\n    \"username\": \"<string>\",\n    \"firstName\": \"<string>\",\n    \"lastName\": \"<string>\",\n    \"email\": \"<string>\",\n    \"password\": \"<string>\",\n    \"phone\": \"<string>\",\n    \"userStatus\": \"<integer>\"\n  },\n  {\n    \"id\": \"<long>\",\n    \"username\": \"<string>\",\n    \"firstName\": \"<string>\",\n    \"lastName\": \"<string>\",\n    \"email\": \"<string>\",\n    \"password\": \"<string>\",\n    \"phone\": \"<string>\",\n    \"userStatus\": \"<integer>\"\n  }\n]",
									"options": {
										"raw": {
											"headerFamily": "json",
											"language": "json"
										}
									}
								},
								"url": {
									"raw": "{{baseUrl}}/user/createWithArray",
									"host": [
										"{{baseUrl}}"
									],
									"path": [
										"user",
										"createWithArray"
									]
								}
							},
							"response": [
								{
									"name": "successful operation",
									"originalRequest": {
										"method": "POST",
										"header": [
											{
												"key": "Content-Type",
												"value": "application/json"
											}
										],
										"body": {
											"mode": "raw",
											"raw": "[\n  {\n    \"id\": \"<long>\",\n    \"username\": \"<string>\",\n    \"firstName\": \"<string>\",\n    \"lastName\": \"<string>\",\n    \"email\": \"<string>\",\n    \"password\": \"<string>\",\n    \"phone\": \"<string>\",\n    \"userStatus\": \"<integer>\"\n  },\n  {\n    \"id\": \"<long>\",\n    \"username\": \"<string>\",\n    \"firstName\": \"<string>\",\n    \"lastName\": \"<string>\",\n    \"email\": \"<string>\",\n    \"password\": \"<string>\",\n    \"phone\": \"<string>\",\n    \"userStatus\": \"<integer>\"\n  }\n]",
											"options": {
												"raw": {
													"headerFamily": "json",
													"language": "json"
												}
											}
										},
										"url": {
											"raw": "{{baseUrl}}/user/createWithArray",
											"host": [
												"{{baseUrl}}"
											],
											"path": [
												"user",
												"createWithArray"
											]
										}
									},
									"status": "Internal Server Error",
									"code": 500,
									"_postman_previewlanguage": "text",
									"header": [],
									"cookie": [],
									"body": ""
								}
							]
						}
					]
				},
				{
					"name": "Create user",
					"request": {
						"method": "POST",
						"header": [
							{
								"key": "Content-Type",
								"value": "application/json"
							}
						],
						"body": {
							"mode": "raw",
							"raw": "{\n  \"id\": \"<long>\",\n  \"username\": \"<string>\",\n  \"firstName\": \"<string>\",\n  \"lastName\": \"<string>\",\n  \"email\": \"<string>\",\n  \"password\": \"<string>\",\n  \"phone\": \"<string>\",\n  \"userStatus\": \"<integer>\"\n}",
							"options": {
								"raw": {
									"headerFamily": "json",
									"language": "json"
								}
							}
						},
						"url": {
							"raw": "{{baseUrl}}/user",
							"host": [
								"{{baseUrl}}"
							],
							"path": [
								"user"
							]
						},
						"description": "This can only be done by the logged in user."
					},
					"response": [
						{
							"name": "successful operation",
							"originalRequest": {
								"method": "POST",
								"header": [
									{
										"key": "Content-Type",
										"value": "application/json"
									}
								],
								"body": {
									"mode": "raw",
									"raw": "{\n  \"id\": \"<long>\",\n  \"username\": \"<string>\",\n  \"firstName\": \"<string>\",\n  \"lastName\": \"<string>\",\n  \"email\": \"<string>\",\n  \"password\": \"<string>\",\n  \"phone\": \"<string>\",\n  \"userStatus\": \"<integer>\"\n}",
									"options": {
										"raw": {
											"headerFamily": "json",
											"language": "json"
										}
									}
								},
								"url": {
									"raw": "{{baseUrl}}/user",
									"host": [
										"{{baseUrl}}"
									],
									"path": [
										"user"
									]
								}
							},
							"status": "Internal Server Error",
							"code": 500,
							"_postman_previewlanguage": "text",
							"header": [],
							"cookie": [],
							"body": ""
						}
					]
				}
			]
		}
	],
	"variable": [
		{
			"key": "baseUrl",
			"value": "https://petstore.swagger.io/v2"
		}
	]
}